--------------------------------------------------------
--  File created - vasárnap-május-14-2017   
--------------------------------------------------------
--------------------------------------------------------
--  DDL for Sequence ALBUM_CIMKE_SEQ
--------------------------------------------------------

   CREATE SEQUENCE  "SOCIAL"."ALBUM_CIMKE_SEQ"  MINVALUE 1 MAXVALUE 9999999999999999999999999999 INCREMENT BY 1 START WITH 21 CACHE 20 NOORDER  NOCYCLE ;
--------------------------------------------------------
--  DDL for Sequence ALBUM_SEQ
--------------------------------------------------------

   CREATE SEQUENCE  "SOCIAL"."ALBUM_SEQ"  MINVALUE 1 MAXVALUE 9999999999999999999999999999 INCREMENT BY 1 START WITH 41 CACHE 20 NOORDER  NOCYCLE ;
--------------------------------------------------------
--  DDL for Sequence BEJEGYZES_CIMKE_SEQ
--------------------------------------------------------

   CREATE SEQUENCE  "SOCIAL"."BEJEGYZES_CIMKE_SEQ"  MINVALUE 1 MAXVALUE 9999999999999999999999999999 INCREMENT BY 1 START WITH 21 CACHE 20 NOORDER  NOCYCLE ;
--------------------------------------------------------
--  DDL for Sequence BEJEGYZES_KEP_SEQ
--------------------------------------------------------

   CREATE SEQUENCE  "SOCIAL"."BEJEGYZES_KEP_SEQ"  MINVALUE 1 MAXVALUE 9999999999999999999999999999 INCREMENT BY 1 START WITH 21 CACHE 20 NOORDER  NOCYCLE ;
--------------------------------------------------------
--  DDL for Sequence BEJEGYZES_SEQ
--------------------------------------------------------

   CREATE SEQUENCE  "SOCIAL"."BEJEGYZES_SEQ"  MINVALUE 1 MAXVALUE 9999999999999999999999999999 INCREMENT BY 1 START WITH 41 CACHE 20 NOORDER  NOCYCLE ;
--------------------------------------------------------
--  DDL for Sequence CIMKE_SEQ
--------------------------------------------------------

   CREATE SEQUENCE  "SOCIAL"."CIMKE_SEQ"  MINVALUE 1 MAXVALUE 9999999999999999999999999999 INCREMENT BY 1 START WITH 21 CACHE 20 NOORDER  NOCYCLE ;
--------------------------------------------------------
--  DDL for Sequence CSOPORT_SEQ
--------------------------------------------------------

   CREATE SEQUENCE  "SOCIAL"."CSOPORT_SEQ"  MINVALUE 1 MAXVALUE 9999999999999999999999999999 INCREMENT BY 1 START WITH 21 CACHE 20 NOORDER  NOCYCLE ;
--------------------------------------------------------
--  DDL for Sequence CSOPORT_TAG_SEQ
--------------------------------------------------------

   CREATE SEQUENCE  "SOCIAL"."CSOPORT_TAG_SEQ"  MINVALUE 1 MAXVALUE 9999999999999999999999999999 INCREMENT BY 1 START WITH 21 CACHE 20 NOORDER  NOCYCLE ;
--------------------------------------------------------
--  DDL for Sequence FELHASZNALO_ISKOL_SEQ
--------------------------------------------------------

   CREATE SEQUENCE  "SOCIAL"."FELHASZNALO_ISKOL_SEQ"  MINVALUE 1 MAXVALUE 9999999999999999999999999999 INCREMENT BY 1 START WITH 61 CACHE 20 NOORDER  NOCYCLE ;
--------------------------------------------------------
--  DDL for Sequence FELHASZNALO_KAPCSOLAT_SEQ
--------------------------------------------------------

   CREATE SEQUENCE  "SOCIAL"."FELHASZNALO_KAPCSOLAT_SEQ"  MINVALUE 1 MAXVALUE 9999999999999999999999999999 INCREMENT BY 1 START WITH 21 CACHE 20 NOORDER  NOCYCLE ;
--------------------------------------------------------
--  DDL for Sequence FELHASZNALO_MUNKAHELY_SEQ
--------------------------------------------------------

   CREATE SEQUENCE  "SOCIAL"."FELHASZNALO_MUNKAHELY_SEQ"  MINVALUE 1 MAXVALUE 9999999999999999999999999999 INCREMENT BY 1 START WITH 21 CACHE 20 NOORDER  NOCYCLE ;
--------------------------------------------------------
--  DDL for Sequence FELHASZNALOMUNKAHELY_SEQ
--------------------------------------------------------

   CREATE SEQUENCE  "SOCIAL"."FELHASZNALOMUNKAHELY_SEQ"  MINVALUE 1 MAXVALUE 9999999999999999999999999999 INCREMENT BY 1 START WITH 1 CACHE 20 NOORDER  NOCYCLE ;
--------------------------------------------------------
--  DDL for Sequence FELHASZNALO_SEQ
--------------------------------------------------------

   CREATE SEQUENCE  "SOCIAL"."FELHASZNALO_SEQ"  MINVALUE 1 MAXVALUE 9999999999999999999999999999 INCREMENT BY 1 START WITH 21 CACHE 20 NOORDER  NOCYCLE ;
--------------------------------------------------------
--  DDL for Sequence ISKOLA_SEQ
--------------------------------------------------------

   CREATE SEQUENCE  "SOCIAL"."ISKOLA_SEQ"  MINVALUE 1 MAXVALUE 9999999999999999999999999999 INCREMENT BY 1 START WITH 21 CACHE 20 NOORDER  NOCYCLE ;
--------------------------------------------------------
--  DDL for Sequence KEP_CIMKE_SEQ
--------------------------------------------------------

   CREATE SEQUENCE  "SOCIAL"."KEP_CIMKE_SEQ"  MINVALUE 1 MAXVALUE 9999999999999999999999999999 INCREMENT BY 1 START WITH 21 CACHE 20 NOORDER  NOCYCLE ;
--------------------------------------------------------
--  DDL for Sequence KEP_SEQ1
--------------------------------------------------------

   CREATE SEQUENCE  "SOCIAL"."KEP_SEQ1"  MINVALUE 30 MAXVALUE 9999999999999999999999999999 INCREMENT BY 1 START WITH 50 CACHE 20 NOORDER  NOCYCLE ;
--------------------------------------------------------
--  DDL for Sequence MEGJEGYZES_SEQ
--------------------------------------------------------

   CREATE SEQUENCE  "SOCIAL"."MEGJEGYZES_SEQ"  MINVALUE 1 MAXVALUE 9999999999999999999999999999 INCREMENT BY 1 START WITH 21 CACHE 20 NOORDER  NOCYCLE ;
--------------------------------------------------------
--  DDL for Sequence MUNKAHELY_SEQ
--------------------------------------------------------

   CREATE SEQUENCE  "SOCIAL"."MUNKAHELY_SEQ"  MINVALUE 1 MAXVALUE 9999999999999999999999999999 INCREMENT BY 1 START WITH 21 CACHE 20 NOORDER  NOCYCLE ;
--------------------------------------------------------
--  DDL for Sequence UZENET_SEQ
--------------------------------------------------------

   CREATE SEQUENCE  "SOCIAL"."UZENET_SEQ"  MINVALUE 1 MAXVALUE 9999999999999999999999999999 INCREMENT BY 1 START WITH 21 CACHE 20 NOORDER  NOCYCLE ;
--------------------------------------------------------
--  DDL for Table ALBUM
--------------------------------------------------------

  CREATE TABLE "SOCIAL"."ALBUM" 
   (	"ALBUM_ID" NUMBER(*,0), 
	"TUALJDONOS_ID" NUMBER(*,0), 
	"CIM" VARCHAR2(128 BYTE), 
	"LATHATOSAG" NUMBER(*,0) DEFAULT 1
   ) SEGMENT CREATION IMMEDIATE 
  PCTFREE 10 PCTUSED 40 INITRANS 1 MAXTRANS 255 NOCOMPRESS LOGGING
  STORAGE(INITIAL 65536 NEXT 1048576 MINEXTENTS 1 MAXEXTENTS 2147483645
  PCTINCREASE 0 FREELISTS 1 FREELIST GROUPS 1 BUFFER_POOL DEFAULT FLASH_CACHE DEFAULT CELL_FLASH_CACHE DEFAULT)
  TABLESPACE "SYSTEM" ;
--------------------------------------------------------
--  DDL for Table ALBUM_CIMKE
--------------------------------------------------------

  CREATE TABLE "SOCIAL"."ALBUM_CIMKE" 
   (	"ALBUM_CIMKE_ID" NUMBER(*,0), 
	"ALBUM_ID" NUMBER(*,0), 
	"CIMKE_ID" NUMBER(*,0)
   ) SEGMENT CREATION IMMEDIATE 
  PCTFREE 10 PCTUSED 40 INITRANS 1 MAXTRANS 255 NOCOMPRESS LOGGING
  STORAGE(INITIAL 65536 NEXT 1048576 MINEXTENTS 1 MAXEXTENTS 2147483645
  PCTINCREASE 0 FREELISTS 1 FREELIST GROUPS 1 BUFFER_POOL DEFAULT FLASH_CACHE DEFAULT CELL_FLASH_CACHE DEFAULT)
  TABLESPACE "SYSTEM" ;
--------------------------------------------------------
--  DDL for Table BEJEGYZES
--------------------------------------------------------

  CREATE TABLE "SOCIAL"."BEJEGYZES" 
   (	"BEJEGYZES_ID" NUMBER(*,0), 
	"SZOVEG" VARCHAR2(512 BYTE), 
	"SZERZO_FELHASZNALO_ID" NUMBER(*,0), 
	"LETREHOZVA" TIMESTAMP (6) DEFAULT sysdate, 
	"LATHATOSAG" NUMBER(*,0)
   ) SEGMENT CREATION IMMEDIATE 
  PCTFREE 10 PCTUSED 40 INITRANS 1 MAXTRANS 255 NOCOMPRESS LOGGING
  STORAGE(INITIAL 65536 NEXT 1048576 MINEXTENTS 1 MAXEXTENTS 2147483645
  PCTINCREASE 0 FREELISTS 1 FREELIST GROUPS 1 BUFFER_POOL DEFAULT FLASH_CACHE DEFAULT CELL_FLASH_CACHE DEFAULT)
  TABLESPACE "SYSTEM" ;
--------------------------------------------------------
--  DDL for Table BEJEGYZES_CIMKE
--------------------------------------------------------

  CREATE TABLE "SOCIAL"."BEJEGYZES_CIMKE" 
   (	"BEJEGYZES_CIMKE_ID" NUMBER(*,0), 
	"BEJEGYZES_ID" NUMBER(*,0), 
	"CIMKE_ID" NUMBER(*,0)
   ) SEGMENT CREATION IMMEDIATE 
  PCTFREE 10 PCTUSED 40 INITRANS 1 MAXTRANS 255 NOCOMPRESS LOGGING
  STORAGE(INITIAL 65536 NEXT 1048576 MINEXTENTS 1 MAXEXTENTS 2147483645
  PCTINCREASE 0 FREELISTS 1 FREELIST GROUPS 1 BUFFER_POOL DEFAULT FLASH_CACHE DEFAULT CELL_FLASH_CACHE DEFAULT)
  TABLESPACE "SYSTEM" ;
--------------------------------------------------------
--  DDL for Table BEJEGYZES_KEP
--------------------------------------------------------

  CREATE TABLE "SOCIAL"."BEJEGYZES_KEP" 
   (	"BEJEGYZES_KEP_ID" NUMBER(*,0), 
	"BEJEGYZES_ID" NUMBER(*,0), 
	"KEP_ID" NUMBER(*,0)
   ) SEGMENT CREATION IMMEDIATE 
  PCTFREE 10 PCTUSED 40 INITRANS 1 MAXTRANS 255 NOCOMPRESS LOGGING
  STORAGE(INITIAL 65536 NEXT 1048576 MINEXTENTS 1 MAXEXTENTS 2147483645
  PCTINCREASE 0 FREELISTS 1 FREELIST GROUPS 1 BUFFER_POOL DEFAULT FLASH_CACHE DEFAULT CELL_FLASH_CACHE DEFAULT)
  TABLESPACE "SYSTEM" ;
--------------------------------------------------------
--  DDL for Table CIMKE
--------------------------------------------------------

  CREATE TABLE "SOCIAL"."CIMKE" 
   (	"CIMKE_ID" NUMBER(*,0), 
	"NEV" VARCHAR2(128 BYTE)
   ) SEGMENT CREATION IMMEDIATE 
  PCTFREE 10 PCTUSED 40 INITRANS 1 MAXTRANS 255 NOCOMPRESS LOGGING
  STORAGE(INITIAL 65536 NEXT 1048576 MINEXTENTS 1 MAXEXTENTS 2147483645
  PCTINCREASE 0 FREELISTS 1 FREELIST GROUPS 1 BUFFER_POOL DEFAULT FLASH_CACHE DEFAULT CELL_FLASH_CACHE DEFAULT)
  TABLESPACE "SYSTEM" ;
--------------------------------------------------------
--  DDL for Table CSOPORT
--------------------------------------------------------

  CREATE TABLE "SOCIAL"."CSOPORT" 
   (	"CSOPORT_ID" NUMBER(*,0), 
	"TITKOS" NUMBER(*,0) DEFAULT 0, 
	"LEIRAS" VARCHAR2(512 BYTE), 
	"NEV" VARCHAR2(128 BYTE), 
	"LETREHOZVA" TIMESTAMP (6) DEFAULT sysdate, 
	"LETREHOZO_FELHASZNALO_ID" NUMBER(*,0)
   ) SEGMENT CREATION IMMEDIATE 
  PCTFREE 10 PCTUSED 40 INITRANS 1 MAXTRANS 255 NOCOMPRESS LOGGING
  STORAGE(INITIAL 65536 NEXT 1048576 MINEXTENTS 1 MAXEXTENTS 2147483645
  PCTINCREASE 0 FREELISTS 1 FREELIST GROUPS 1 BUFFER_POOL DEFAULT FLASH_CACHE DEFAULT CELL_FLASH_CACHE DEFAULT)
  TABLESPACE "SYSTEM" ;
--------------------------------------------------------
--  DDL for Table CSOPORT_TAG
--------------------------------------------------------

  CREATE TABLE "SOCIAL"."CSOPORT_TAG" 
   (	"CSOPORT_TAG_ID" NUMBER(*,0), 
	"CSOPORT_ID" NUMBER(*,0), 
	"TAG_FELHASZNALO_ID" NUMBER(*,0), 
	"MIKORTOL" TIMESTAMP (6) DEFAULT sysdate
   ) SEGMENT CREATION IMMEDIATE 
  PCTFREE 10 PCTUSED 40 INITRANS 1 MAXTRANS 255 NOCOMPRESS LOGGING
  STORAGE(INITIAL 65536 NEXT 1048576 MINEXTENTS 1 MAXEXTENTS 2147483645
  PCTINCREASE 0 FREELISTS 1 FREELIST GROUPS 1 BUFFER_POOL DEFAULT FLASH_CACHE DEFAULT CELL_FLASH_CACHE DEFAULT)
  TABLESPACE "SYSTEM" ;
--------------------------------------------------------
--  DDL for Table FELHASZNALO
--------------------------------------------------------

  CREATE TABLE "SOCIAL"."FELHASZNALO" 
   (	"FELHASZNALO_ID" NUMBER(*,0), 
	"FELHASZNALO_NEV" VARCHAR2(128 BYTE), 
	"JELSZO_HASH" VARCHAR2(32 BYTE), 
	"EMAIL" VARCHAR2(128 BYTE), 
	"SZULETETT" DATE, 
	"KERESZTNEV" VARCHAR2(128 BYTE), 
	"VEZETEKNEV" VARCHAR2(128 BYTE), 
	"NEVNAPHONAP" NUMBER(*,0), 
	"NEVNAPNAP" NUMBER(*,0), 
	"KEP_ID" NUMBER(*,0)
   ) SEGMENT CREATION IMMEDIATE 
  PCTFREE 10 PCTUSED 40 INITRANS 1 MAXTRANS 255 NOCOMPRESS LOGGING
  STORAGE(INITIAL 65536 NEXT 1048576 MINEXTENTS 1 MAXEXTENTS 2147483645
  PCTINCREASE 0 FREELISTS 1 FREELIST GROUPS 1 BUFFER_POOL DEFAULT FLASH_CACHE DEFAULT CELL_FLASH_CACHE DEFAULT)
  TABLESPACE "SYSTEM" ;
--------------------------------------------------------
--  DDL for Table FELHASZNALO_ISKOLA
--------------------------------------------------------

  CREATE TABLE "SOCIAL"."FELHASZNALO_ISKOLA" 
   (	"FELHASZNALO_ISKOLA_ID" NUMBER(*,0), 
	"FELHASZNALO_ID" NUMBER(*,0), 
	"ISKOLA_ID" NUMBER(*,0), 
	"METTOL" NUMBER(*,0), 
	"MEDDIG" NUMBER(*,0)
   ) SEGMENT CREATION IMMEDIATE 
  PCTFREE 10 PCTUSED 40 INITRANS 1 MAXTRANS 255 NOCOMPRESS LOGGING
  STORAGE(INITIAL 65536 NEXT 1048576 MINEXTENTS 1 MAXEXTENTS 2147483645
  PCTINCREASE 0 FREELISTS 1 FREELIST GROUPS 1 BUFFER_POOL DEFAULT FLASH_CACHE DEFAULT CELL_FLASH_CACHE DEFAULT)
  TABLESPACE "SYSTEM" ;
--------------------------------------------------------
--  DDL for Table FELHASZNALO_KAPCSOLAT
--------------------------------------------------------

  CREATE TABLE "SOCIAL"."FELHASZNALO_KAPCSOLAT" 
   (	"FELHASZNALO_LAPCSOLAT_ID" NUMBER(*,0), 
	"KEZDEMENYEZO_FELHASZNALO_ID" NUMBER(*,0), 
	"CEL_FELHASZNALO_ID" NUMBER(*,0), 
	"TIPUS" NUMBER(*,0)
   ) SEGMENT CREATION IMMEDIATE 
  PCTFREE 10 PCTUSED 40 INITRANS 1 MAXTRANS 255 NOCOMPRESS LOGGING
  STORAGE(INITIAL 65536 NEXT 1048576 MINEXTENTS 1 MAXEXTENTS 2147483645
  PCTINCREASE 0 FREELISTS 1 FREELIST GROUPS 1 BUFFER_POOL DEFAULT FLASH_CACHE DEFAULT CELL_FLASH_CACHE DEFAULT)
  TABLESPACE "SYSTEM" ;
--------------------------------------------------------
--  DDL for Table FELHASZNALO_MUNKAHELY
--------------------------------------------------------

  CREATE TABLE "SOCIAL"."FELHASZNALO_MUNKAHELY" 
   (	"FELHASZNALO_MUNKAHELY_ID" NUMBER(*,0), 
	"FELHASZNALO_ID" NUMBER(*,0), 
	"MUNKAHELY_ID" NUMBER(*,0), 
	"AKTUALIS" NUMBER(*,0)
   ) SEGMENT CREATION IMMEDIATE 
  PCTFREE 10 PCTUSED 40 INITRANS 1 MAXTRANS 255 NOCOMPRESS LOGGING
  STORAGE(INITIAL 65536 NEXT 1048576 MINEXTENTS 1 MAXEXTENTS 2147483645
  PCTINCREASE 0 FREELISTS 1 FREELIST GROUPS 1 BUFFER_POOL DEFAULT FLASH_CACHE DEFAULT CELL_FLASH_CACHE DEFAULT)
  TABLESPACE "SYSTEM" ;
--------------------------------------------------------
--  DDL for Table ISKOLA
--------------------------------------------------------

  CREATE TABLE "SOCIAL"."ISKOLA" 
   (	"ISKOLA_ID" NUMBER(*,0), 
	"NEV" VARCHAR2(128 BYTE)
   ) SEGMENT CREATION IMMEDIATE 
  PCTFREE 10 PCTUSED 40 INITRANS 1 MAXTRANS 255 NOCOMPRESS LOGGING
  STORAGE(INITIAL 65536 NEXT 1048576 MINEXTENTS 1 MAXEXTENTS 2147483645
  PCTINCREASE 0 FREELISTS 1 FREELIST GROUPS 1 BUFFER_POOL DEFAULT FLASH_CACHE DEFAULT CELL_FLASH_CACHE DEFAULT)
  TABLESPACE "SYSTEM" ;
--------------------------------------------------------
--  DDL for Table KEP
--------------------------------------------------------

  CREATE TABLE "SOCIAL"."KEP" 
   (	"KEP_ID" NUMBER(*,0), 
	"FELTOLTVE" TIMESTAMP (6) DEFAULT sysdate, 
	"KEPADAT" BLOB, 
	"TULAJDONOS_ID" NUMBER(*,0), 
	"ALBUM_ID" NUMBER(*,0)
   ) SEGMENT CREATION IMMEDIATE 
  PCTFREE 10 PCTUSED 40 INITRANS 1 MAXTRANS 255 NOCOMPRESS LOGGING
  STORAGE(INITIAL 65536 NEXT 1048576 MINEXTENTS 1 MAXEXTENTS 2147483645
  PCTINCREASE 0 FREELISTS 1 FREELIST GROUPS 1 BUFFER_POOL DEFAULT FLASH_CACHE DEFAULT CELL_FLASH_CACHE DEFAULT)
  TABLESPACE "SYSTEM" 
 LOB ("KEPADAT") STORE AS BASICFILE (
  TABLESPACE "SYSTEM" ENABLE STORAGE IN ROW CHUNK 8192 RETENTION 
  NOCACHE LOGGING 
  STORAGE(INITIAL 65536 NEXT 1048576 MINEXTENTS 1 MAXEXTENTS 2147483645
  PCTINCREASE 0 FREELISTS 1 FREELIST GROUPS 1 BUFFER_POOL DEFAULT FLASH_CACHE DEFAULT CELL_FLASH_CACHE DEFAULT)) ;
--------------------------------------------------------
--  DDL for Table KEP_CIMKE
--------------------------------------------------------

  CREATE TABLE "SOCIAL"."KEP_CIMKE" 
   (	"KEP_CIMKE_ID" NUMBER(*,0), 
	"KEP_ID" NUMBER(*,0), 
	"CIMKE_ID" NUMBER(*,0)
   ) SEGMENT CREATION IMMEDIATE 
  PCTFREE 10 PCTUSED 40 INITRANS 1 MAXTRANS 255 NOCOMPRESS LOGGING
  STORAGE(INITIAL 65536 NEXT 1048576 MINEXTENTS 1 MAXEXTENTS 2147483645
  PCTINCREASE 0 FREELISTS 1 FREELIST GROUPS 1 BUFFER_POOL DEFAULT FLASH_CACHE DEFAULT CELL_FLASH_CACHE DEFAULT)
  TABLESPACE "SYSTEM" ;
--------------------------------------------------------
--  DDL for Table MEGJEGYZES
--------------------------------------------------------

  CREATE TABLE "SOCIAL"."MEGJEGYZES" 
   (	"MEGJEGYZES_ID" NUMBER(*,0), 
	"SZERZO_FELHASZNALO_ID" NUMBER(*,0), 
	"LETREHOZVA" TIMESTAMP (6) DEFAULT sysdate, 
	"SZOVEG" VARCHAR2(512 BYTE), 
	"KEP_ID" NUMBER(*,0), 
	"BEJEGYZES_ID" NUMBER(*,0), 
	"CSOPORT_ID" NUMBER(*,0)
   ) SEGMENT CREATION IMMEDIATE 
  PCTFREE 10 PCTUSED 40 INITRANS 1 MAXTRANS 255 NOCOMPRESS LOGGING
  STORAGE(INITIAL 65536 NEXT 1048576 MINEXTENTS 1 MAXEXTENTS 2147483645
  PCTINCREASE 0 FREELISTS 1 FREELIST GROUPS 1 BUFFER_POOL DEFAULT FLASH_CACHE DEFAULT CELL_FLASH_CACHE DEFAULT)
  TABLESPACE "SYSTEM" ;
--------------------------------------------------------
--  DDL for Table MUNKAHELY
--------------------------------------------------------

  CREATE TABLE "SOCIAL"."MUNKAHELY" 
   (	"MUNKAHELY_ID" NUMBER(*,0), 
	"CEGNEV" VARCHAR2(128 BYTE)
   ) SEGMENT CREATION IMMEDIATE 
  PCTFREE 10 PCTUSED 40 INITRANS 1 MAXTRANS 255 NOCOMPRESS LOGGING
  STORAGE(INITIAL 65536 NEXT 1048576 MINEXTENTS 1 MAXEXTENTS 2147483645
  PCTINCREASE 0 FREELISTS 1 FREELIST GROUPS 1 BUFFER_POOL DEFAULT FLASH_CACHE DEFAULT CELL_FLASH_CACHE DEFAULT)
  TABLESPACE "SYSTEM" ;
--------------------------------------------------------
--  DDL for Table UZENET
--------------------------------------------------------

  CREATE TABLE "SOCIAL"."UZENET" 
   (	"UZENET_ID" NUMBER(*,0), 
	"SZOVEG" VARCHAR2(512 BYTE), 
	"LETREHOZVA" TIMESTAMP (6) DEFAULT sysdate, 
	"KULDO_FELHASZNALO_ID" NUMBER(*,0), 
	"CIMZETT_FELHASZNALO_ID" NUMBER(*,0)
   ) SEGMENT CREATION IMMEDIATE 
  PCTFREE 10 PCTUSED 40 INITRANS 1 MAXTRANS 255 NOCOMPRESS LOGGING
  STORAGE(INITIAL 65536 NEXT 1048576 MINEXTENTS 1 MAXEXTENTS 2147483645
  PCTINCREASE 0 FREELISTS 1 FREELIST GROUPS 1 BUFFER_POOL DEFAULT FLASH_CACHE DEFAULT CELL_FLASH_CACHE DEFAULT)
  TABLESPACE "SYSTEM" ;
--------------------------------------------------------
--  DDL for View VBEJEGYZES_CIMKE
--------------------------------------------------------

  CREATE OR REPLACE FORCE VIEW "SOCIAL"."VBEJEGYZES_CIMKE" ("BEJEGYZES_ID", "TAGEK") AS 
  select 
bejegyzes_id, LISTAGG('#' || nev, ', ') WITHIN GROUP (order by nev) as tagek
from(

select 
bejegyzes_cimke.BEJEGYZES_ID,
cimke.nev
from bejegyzes_cimke
inner join cimke on cimke.CIMKE_ID = bejegyzes_cimke.CIMKE_ID
)
group by BEJEGYZES_ID;
--------------------------------------------------------
--  DDL for View VFELHASZNALO
--------------------------------------------------------

  CREATE OR REPLACE FORCE VIEW "SOCIAL"."VFELHASZNALO" ("FELHASZNALO_ID", "EMAIL", "FELHASZNALO_NEV", "NEV", "SZULETETT") AS 
  SELECT
  FELHASZNALO_ID,
  EMAIL,
  FELHASZNALO_NEV,
  CASE WHEN (KERESZTNEV is null OR VEZETEKNEV IS NULL) THEN EMAIL ELSE VEZETEKNEV || ' ' || KERESZTNEV END as nev,
  SZULETETT
FROM FELHASZNALO;
--------------------------------------------------------
--  DDL for View VISMEROS
--------------------------------------------------------

  CREATE OR REPLACE FORCE VIEW "SOCIAL"."VISMEROS" ("FELHASZNALO_ID", "ISMEROS_ID", "TIPUS") AS 
  select 
f.felhasznalo_id,
case when f.felhasznalo_id = fk.KEZDEMENYEZO_FELHASZNALO_ID then fk.CEL_FELHASZNALO_ID else fk.KEZDEMENYEZO_FELHASZNALO_ID end as ismeros_id,
fk.tipus
from
felhasznalo f
inner join felhasznalo_kapcsolat fk on f.felhasznalo_id = fk.KEZDEMENYEZO_FELHASZNALO_ID or f.FELHASZNALO_ID = fk.CEL_FELHASZNALO_ID;
--------------------------------------------------------
--  DDL for View VUZENETFOLYAM
--------------------------------------------------------

  CREATE OR REPLACE FORCE VIEW "SOCIAL"."VUZENETFOLYAM" ("BESZELGETES_ID", "KULDO_FELHASZNALO_ID", "CIMZETT_FELHASZNALO_ID", "LETREHOZVA", "SZOVEG", "K", "C") AS 
  select 
case when KULDO_FELHASZNALO_ID > CIMZETT_FELHASZNALO_ID THEN CIMZETT_FELHASZNALO_ID ELSE KULDO_FELHASZNALO_ID end AS BESZELGETES_ID,
KULDO_FELHASZNALO_ID,
CIMZETT_FELHASZNALO_ID,
LETREHOZVA,
SZOVEG,
kuldo.NEV k,
cimzett.NEV c
FROM UZENET
INNER JOIN VFELHASZNALO kuldo ON UZENET.KULDO_FELHASZNALO_ID = kuldo.FELHASZNALO_ID
INNER JOIN VFELHASZNALO cimzett ON UZENET.CIMZETT_FELHASZNALO_ID = cimzett.FELHASZNALO_ID
ORDER BY
LETREHOZVA, UZENET.UZENET_ID;
REM INSERTING into SOCIAL.ALBUM
SET DEFINE OFF;
Insert into SOCIAL.ALBUM (ALBUM_ID,TUALJDONOS_ID,CIM,LATHATOSAG) values ('1','3','Mobilos feltöltések','1');
Insert into SOCIAL.ALBUM (ALBUM_ID,TUALJDONOS_ID,CIM,LATHATOSAG) values ('2','3','Magam','1');
Insert into SOCIAL.ALBUM (ALBUM_ID,TUALJDONOS_ID,CIM,LATHATOSAG) values ('21','7','Balatonfüred','1');
Insert into SOCIAL.ALBUM (ALBUM_ID,TUALJDONOS_ID,CIM,LATHATOSAG) values ('22','7','Család','0');
REM INSERTING into SOCIAL.ALBUM_CIMKE
SET DEFINE OFF;
Insert into SOCIAL.ALBUM_CIMKE (ALBUM_CIMKE_ID,ALBUM_ID,CIMKE_ID) values ('3','2','10');
Insert into SOCIAL.ALBUM_CIMKE (ALBUM_CIMKE_ID,ALBUM_ID,CIMKE_ID) values ('4','22','9');
REM INSERTING into SOCIAL.BEJEGYZES
SET DEFINE OFF;
Insert into SOCIAL.BEJEGYZES (BEJEGYZES_ID,SZOVEG,SZERZO_FELHASZNALO_ID,LETREHOZVA,LATHATOSAG) values ('4','Hendrix az isten','5',to_timestamp('17-MÁJ.  -14 13.39.00,000000000','RR-MON-DD HH24.MI.SSXFF'),'1');
Insert into SOCIAL.BEJEGYZES (BEJEGYZES_ID,SZOVEG,SZERZO_FELHASZNALO_ID,LETREHOZVA,LATHATOSAG) values ('2','Ez egy teszt post','3',to_timestamp('17-MÁJ.  -14 13.09.18,000000000','RR-MON-DD HH24.MI.SSXFF'),'1');
Insert into SOCIAL.BEJEGYZES (BEJEGYZES_ID,SZOVEG,SZERZO_FELHASZNALO_ID,LETREHOZVA,LATHATOSAG) values ('3','Próba','4',to_timestamp('17-MÁJ.  -14 13.39.00,000000000','RR-MON-DD HH24.MI.SSXFF'),'1');
Insert into SOCIAL.BEJEGYZES (BEJEGYZES_ID,SZOVEG,SZERZO_FELHASZNALO_ID,LETREHOZVA,LATHATOSAG) values ('5','Try','7',to_timestamp('17-MÁJ.  -14 13.39.24,000000000','RR-MON-DD HH24.MI.SSXFF'),'1');
Insert into SOCIAL.BEJEGYZES (BEJEGYZES_ID,SZOVEG,SZERZO_FELHASZNALO_ID,LETREHOZVA,LATHATOSAG) values ('21','Karambol','4',to_timestamp('17-MÁJ.  -14 18.20.13,000000000','RR-MON-DD HH24.MI.SSXFF'),'2');
Insert into SOCIAL.BEJEGYZES (BEJEGYZES_ID,SZOVEG,SZERZO_FELHASZNALO_ID,LETREHOZVA,LATHATOSAG) values ('23','Csak egy átlagos reggel Floridában','3',to_timestamp('17-MÁJ.  -14 18.50.21,000000000','RR-MON-DD HH24.MI.SSXFF'),'2');
Insert into SOCIAL.BEJEGYZES (BEJEGYZES_ID,SZOVEG,SZERZO_FELHASZNALO_ID,LETREHOZVA,LATHATOSAG) values ('24','Rárakták egy térképre, hogy melyik országban, melyik sorozatot streamelik a legtöbben','9',to_timestamp('17-MÁJ.  -14 20.40.34,000000000','RR-MON-DD HH24.MI.SSXFF'),'2');
REM INSERTING into SOCIAL.BEJEGYZES_CIMKE
SET DEFINE OFF;
Insert into SOCIAL.BEJEGYZES_CIMKE (BEJEGYZES_CIMKE_ID,BEJEGYZES_ID,CIMKE_ID) values ('1','4','1');
Insert into SOCIAL.BEJEGYZES_CIMKE (BEJEGYZES_CIMKE_ID,BEJEGYZES_ID,CIMKE_ID) values ('2','4','2');
Insert into SOCIAL.BEJEGYZES_CIMKE (BEJEGYZES_CIMKE_ID,BEJEGYZES_ID,CIMKE_ID) values ('3','3','2');
Insert into SOCIAL.BEJEGYZES_CIMKE (BEJEGYZES_CIMKE_ID,BEJEGYZES_ID,CIMKE_ID) values ('4','3','3');
Insert into SOCIAL.BEJEGYZES_CIMKE (BEJEGYZES_CIMKE_ID,BEJEGYZES_ID,CIMKE_ID) values ('5','3','1');
Insert into SOCIAL.BEJEGYZES_CIMKE (BEJEGYZES_CIMKE_ID,BEJEGYZES_ID,CIMKE_ID) values ('6','21','5');
Insert into SOCIAL.BEJEGYZES_CIMKE (BEJEGYZES_CIMKE_ID,BEJEGYZES_ID,CIMKE_ID) values ('7','23','5');
Insert into SOCIAL.BEJEGYZES_CIMKE (BEJEGYZES_CIMKE_ID,BEJEGYZES_ID,CIMKE_ID) values ('8','24','4');
REM INSERTING into SOCIAL.BEJEGYZES_KEP
SET DEFINE OFF;
Insert into SOCIAL.BEJEGYZES_KEP (BEJEGYZES_KEP_ID,BEJEGYZES_ID,KEP_ID) values ('1','21','37');
Insert into SOCIAL.BEJEGYZES_KEP (BEJEGYZES_KEP_ID,BEJEGYZES_ID,KEP_ID) values ('5','23','44');
Insert into SOCIAL.BEJEGYZES_KEP (BEJEGYZES_KEP_ID,BEJEGYZES_ID,KEP_ID) values ('6','24','46');
Insert into SOCIAL.BEJEGYZES_KEP (BEJEGYZES_KEP_ID,BEJEGYZES_ID,KEP_ID) values ('7','24','46');
REM INSERTING into SOCIAL.CIMKE
SET DEFINE OFF;
Insert into SOCIAL.CIMKE (CIMKE_ID,NEV) values ('1','zene');
Insert into SOCIAL.CIMKE (CIMKE_ID,NEV) values ('2','yolo');
Insert into SOCIAL.CIMKE (CIMKE_ID,NEV) values ('3','teszt');
Insert into SOCIAL.CIMKE (CIMKE_ID,NEV) values ('4','vicc');
Insert into SOCIAL.CIMKE (CIMKE_ID,NEV) values ('5','poén');
Insert into SOCIAL.CIMKE (CIMKE_ID,NEV) values ('9','Család');
Insert into SOCIAL.CIMKE (CIMKE_ID,NEV) values ('10','Én');
REM INSERTING into SOCIAL.CSOPORT
SET DEFINE OFF;
Insert into SOCIAL.CSOPORT (CSOPORT_ID,TITKOS,LEIRAS,NEV,LETREHOZVA,LETREHOZO_FELHASZNALO_ID) values ('1','0','Ságvárisok','Ságvári Gyakorló',to_timestamp('17-MÁJ.  -14 18.24.48,000000000','RR-MON-DD HH24.MI.SSXFF'),'4');
Insert into SOCIAL.CSOPORT (CSOPORT_ID,TITKOS,LEIRAS,NEV,LETREHOZVA,LETREHOZO_FELHASZNALO_ID) values ('2','0','Szegediek','I Love Szeged',to_timestamp('17-MÁJ.  -14 19.39.18,000000000','RR-MON-DD HH24.MI.SSXFF'),'3');
Insert into SOCIAL.CSOPORT (CSOPORT_ID,TITKOS,LEIRAS,NEV,LETREHOZVA,LETREHOZO_FELHASZNALO_ID) values ('3','0','Swarovski','Swarovski',to_timestamp('17-MÁJ.  -14 19.39.18,000000000','RR-MON-DD HH24.MI.SSXFF'),'6');
REM INSERTING into SOCIAL.CSOPORT_TAG
SET DEFINE OFF;
Insert into SOCIAL.CSOPORT_TAG (CSOPORT_TAG_ID,CSOPORT_ID,TAG_FELHASZNALO_ID,MIKORTOL) values ('1','1','4',to_timestamp('17-MÁJ.  -14 18.26.09,000000000','RR-MON-DD HH24.MI.SSXFF'));
Insert into SOCIAL.CSOPORT_TAG (CSOPORT_TAG_ID,CSOPORT_ID,TAG_FELHASZNALO_ID,MIKORTOL) values ('2','1','6',to_timestamp('17-MÁJ.  -14 18.26.39,000000000','RR-MON-DD HH24.MI.SSXFF'));
Insert into SOCIAL.CSOPORT_TAG (CSOPORT_TAG_ID,CSOPORT_ID,TAG_FELHASZNALO_ID,MIKORTOL) values ('3','1','8',to_timestamp('17-MÁJ.  -14 18.26.39,000000000','RR-MON-DD HH24.MI.SSXFF'));
Insert into SOCIAL.CSOPORT_TAG (CSOPORT_TAG_ID,CSOPORT_ID,TAG_FELHASZNALO_ID,MIKORTOL) values ('4','1','11',to_timestamp('17-MÁJ.  -14 18.26.39,000000000','RR-MON-DD HH24.MI.SSXFF'));
Insert into SOCIAL.CSOPORT_TAG (CSOPORT_TAG_ID,CSOPORT_ID,TAG_FELHASZNALO_ID,MIKORTOL) values ('5','2','11',to_timestamp('17-MÁJ.  -14 19.40.50,000000000','RR-MON-DD HH24.MI.SSXFF'));
Insert into SOCIAL.CSOPORT_TAG (CSOPORT_TAG_ID,CSOPORT_ID,TAG_FELHASZNALO_ID,MIKORTOL) values ('6','2','12',to_timestamp('17-MÁJ.  -14 19.40.50,000000000','RR-MON-DD HH24.MI.SSXFF'));
Insert into SOCIAL.CSOPORT_TAG (CSOPORT_TAG_ID,CSOPORT_ID,TAG_FELHASZNALO_ID,MIKORTOL) values ('7','2','3',to_timestamp('17-MÁJ.  -14 19.40.50,000000000','RR-MON-DD HH24.MI.SSXFF'));
Insert into SOCIAL.CSOPORT_TAG (CSOPORT_TAG_ID,CSOPORT_ID,TAG_FELHASZNALO_ID,MIKORTOL) values ('8','2','4',to_timestamp('17-MÁJ.  -14 19.40.50,000000000','RR-MON-DD HH24.MI.SSXFF'));
Insert into SOCIAL.CSOPORT_TAG (CSOPORT_TAG_ID,CSOPORT_ID,TAG_FELHASZNALO_ID,MIKORTOL) values ('9','2','5',to_timestamp('17-MÁJ.  -14 19.40.50,000000000','RR-MON-DD HH24.MI.SSXFF'));
Insert into SOCIAL.CSOPORT_TAG (CSOPORT_TAG_ID,CSOPORT_ID,TAG_FELHASZNALO_ID,MIKORTOL) values ('10','2','6',to_timestamp('17-MÁJ.  -14 19.40.50,000000000','RR-MON-DD HH24.MI.SSXFF'));
Insert into SOCIAL.CSOPORT_TAG (CSOPORT_TAG_ID,CSOPORT_ID,TAG_FELHASZNALO_ID,MIKORTOL) values ('11','2','7',to_timestamp('17-MÁJ.  -14 19.40.50,000000000','RR-MON-DD HH24.MI.SSXFF'));
Insert into SOCIAL.CSOPORT_TAG (CSOPORT_TAG_ID,CSOPORT_ID,TAG_FELHASZNALO_ID,MIKORTOL) values ('12','2','8',to_timestamp('17-MÁJ.  -14 19.40.50,000000000','RR-MON-DD HH24.MI.SSXFF'));
Insert into SOCIAL.CSOPORT_TAG (CSOPORT_TAG_ID,CSOPORT_ID,TAG_FELHASZNALO_ID,MIKORTOL) values ('13','2','9',to_timestamp('17-MÁJ.  -14 19.40.50,000000000','RR-MON-DD HH24.MI.SSXFF'));
Insert into SOCIAL.CSOPORT_TAG (CSOPORT_TAG_ID,CSOPORT_ID,TAG_FELHASZNALO_ID,MIKORTOL) values ('14','2','10',to_timestamp('17-MÁJ.  -14 19.40.50,000000000','RR-MON-DD HH24.MI.SSXFF'));
Insert into SOCIAL.CSOPORT_TAG (CSOPORT_TAG_ID,CSOPORT_ID,TAG_FELHASZNALO_ID,MIKORTOL) values ('15','3','6',to_timestamp('17-MÁJ.  -14 19.40.50,000000000','RR-MON-DD HH24.MI.SSXFF'));
Insert into SOCIAL.CSOPORT_TAG (CSOPORT_TAG_ID,CSOPORT_ID,TAG_FELHASZNALO_ID,MIKORTOL) values ('16','3','4',to_timestamp('17-MÁJ.  -14 19.40.50,000000000','RR-MON-DD HH24.MI.SSXFF'));
Insert into SOCIAL.CSOPORT_TAG (CSOPORT_TAG_ID,CSOPORT_ID,TAG_FELHASZNALO_ID,MIKORTOL) values ('17','3','5',to_timestamp('17-MÁJ.  -14 19.40.50,000000000','RR-MON-DD HH24.MI.SSXFF'));
Insert into SOCIAL.CSOPORT_TAG (CSOPORT_TAG_ID,CSOPORT_ID,TAG_FELHASZNALO_ID,MIKORTOL) values ('18','3','8',to_timestamp('17-MÁJ.  -14 19.40.50,000000000','RR-MON-DD HH24.MI.SSXFF'));
Insert into SOCIAL.CSOPORT_TAG (CSOPORT_TAG_ID,CSOPORT_ID,TAG_FELHASZNALO_ID,MIKORTOL) values ('19','3','11',to_timestamp('17-MÁJ.  -14 19.40.50,000000000','RR-MON-DD HH24.MI.SSXFF'));
Insert into SOCIAL.CSOPORT_TAG (CSOPORT_TAG_ID,CSOPORT_ID,TAG_FELHASZNALO_ID,MIKORTOL) values ('20','3','12',to_timestamp('17-MÁJ.  -14 19.40.51,000000000','RR-MON-DD HH24.MI.SSXFF'));
REM INSERTING into SOCIAL.FELHASZNALO
SET DEFINE OFF;
Insert into SOCIAL.FELHASZNALO (FELHASZNALO_ID,FELHASZNALO_NEV,JELSZO_HASH,EMAIL,SZULETETT,KERESZTNEV,VEZETEKNEV,NEVNAPHONAP,NEVNAPNAP,KEP_ID) values ('4','Koko','Jelszo123','ikokoh79@gmail.com',to_date('79-FEBR. -05','RR-MON-DD'),'István','Kovács','12','26','10');
Insert into SOCIAL.FELHASZNALO (FELHASZNALO_ID,FELHASZNALO_NEV,JELSZO_HASH,EMAIL,SZULETETT,KERESZTNEV,VEZETEKNEV,NEVNAPHONAP,NEVNAPNAP,KEP_ID) values ('5','Julcsi','Jelszo123','julcsi@gmail.com',to_date('91-JÚN.  -13','RR-MON-DD'),'Júlia Boróka','Németh','2','16','6');
Insert into SOCIAL.FELHASZNALO (FELHASZNALO_ID,FELHASZNALO_NEV,JELSZO_HASH,EMAIL,SZULETETT,KERESZTNEV,VEZETEKNEV,NEVNAPHONAP,NEVNAPNAP,KEP_ID) values ('6','Padoszso','Jelszo123','pados.zsofia@gmail.com',to_date('82-ÁPR.  -25','RR-MON-DD'),'Zsófia','Pados','5','15','9');
Insert into SOCIAL.FELHASZNALO (FELHASZNALO_ID,FELHASZNALO_NEV,JELSZO_HASH,EMAIL,SZULETETT,KERESZTNEV,VEZETEKNEV,NEVNAPHONAP,NEVNAPNAP,KEP_ID) values ('7','lorysec','Jelszo123gmail.com','lorysec07@gmail.com',to_date('89-AUG.  -17','RR-MON-DD'),'Lóránt','Báer','1','15','1');
Insert into SOCIAL.FELHASZNALO (FELHASZNALO_ID,FELHASZNALO_NEV,JELSZO_HASH,EMAIL,SZULETETT,KERESZTNEV,VEZETEKNEV,NEVNAPHONAP,NEVNAPNAP,KEP_ID) values ('3','Huszár','Jelszo123','huszar@gmail.com',to_date('76-JAN.  -30','RR-MON-DD'),'Péter','Huszár','4','29','4');
Insert into SOCIAL.FELHASZNALO (FELHASZNALO_ID,FELHASZNALO_NEV,JELSZO_HASH,EMAIL,SZULETETT,KERESZTNEV,VEZETEKNEV,NEVNAPHONAP,NEVNAPNAP,KEP_ID) values ('8','Verush','Jelszo123','vera.kovacs@gmail.com',to_date('17-MÁJ.  -06','RR-MON-DD'),'Veronika','Kovács','1','13','8');
Insert into SOCIAL.FELHASZNALO (FELHASZNALO_ID,FELHASZNALO_NEV,JELSZO_HASH,EMAIL,SZULETETT,KERESZTNEV,VEZETEKNEV,NEVNAPHONAP,NEVNAPNAP,KEP_ID) values ('9','glaca','Jelszo123','g.laca79@gmail.com',to_date('79-JAN.  -18','RR-MON-DD'),'László','Gaál','6','27','3');
Insert into SOCIAL.FELHASZNALO (FELHASZNALO_ID,FELHASZNALO_NEV,JELSZO_HASH,EMAIL,SZULETETT,KERESZTNEV,VEZETEKNEV,NEVNAPHONAP,NEVNAPNAP,KEP_ID) values ('10','trabu','Jelszo123','h.rabu@gmail.com',to_date('82-ÁPR.  -24','RR-MON-DD'),'Rabán','Horváth','2','4','7');
Insert into SOCIAL.FELHASZNALO (FELHASZNALO_ID,FELHASZNALO_NEV,JELSZO_HASH,EMAIL,SZULETETT,KERESZTNEV,VEZETEKNEV,NEVNAPHONAP,NEVNAPNAP,KEP_ID) values ('11','bildi','Jelszo123','bozso.ildiko@gmail.com',to_date('77-DEC.  -23','RR-MON-DD'),null,null,null,null,'5');
Insert into SOCIAL.FELHASZNALO (FELHASZNALO_ID,FELHASZNALO_NEV,JELSZO_HASH,EMAIL,SZULETETT,KERESZTNEV,VEZETEKNEV,NEVNAPHONAP,NEVNAPNAP,KEP_ID) values ('12','feebee','Jelszo123','fodor.ibolya@gmail.com',to_date('81-JÚN.  -04','RR-MON-DD'),null,null,null,null,'2');
REM INSERTING into SOCIAL.FELHASZNALO_ISKOLA
SET DEFINE OFF;
Insert into SOCIAL.FELHASZNALO_ISKOLA (FELHASZNALO_ISKOLA_ID,FELHASZNALO_ID,ISKOLA_ID,METTOL,MEDDIG) values ('1','4','2','1985','1993');
Insert into SOCIAL.FELHASZNALO_ISKOLA (FELHASZNALO_ISKOLA_ID,FELHASZNALO_ID,ISKOLA_ID,METTOL,MEDDIG) values ('2','4','11','1993','1997');
Insert into SOCIAL.FELHASZNALO_ISKOLA (FELHASZNALO_ISKOLA_ID,FELHASZNALO_ID,ISKOLA_ID,METTOL,MEDDIG) values ('7','4','8','2013','2017');
Insert into SOCIAL.FELHASZNALO_ISKOLA (FELHASZNALO_ISKOLA_ID,FELHASZNALO_ID,ISKOLA_ID,METTOL,MEDDIG) values ('8','5','12','1997','2006');
Insert into SOCIAL.FELHASZNALO_ISKOLA (FELHASZNALO_ISKOLA_ID,FELHASZNALO_ID,ISKOLA_ID,METTOL,MEDDIG) values ('9','5','7','2006','2010');
Insert into SOCIAL.FELHASZNALO_ISKOLA (FELHASZNALO_ISKOLA_ID,FELHASZNALO_ID,ISKOLA_ID,METTOL,MEDDIG) values ('10','5','8','2010','2014');
Insert into SOCIAL.FELHASZNALO_ISKOLA (FELHASZNALO_ISKOLA_ID,FELHASZNALO_ID,ISKOLA_ID,METTOL,MEDDIG) values ('11','6','2','1988','1997');
Insert into SOCIAL.FELHASZNALO_ISKOLA (FELHASZNALO_ISKOLA_ID,FELHASZNALO_ID,ISKOLA_ID,METTOL,MEDDIG) values ('16','6','4','1997','2001');
Insert into SOCIAL.FELHASZNALO_ISKOLA (FELHASZNALO_ISKOLA_ID,FELHASZNALO_ID,ISKOLA_ID,METTOL,MEDDIG) values ('17','6','16','2001','2005');
Insert into SOCIAL.FELHASZNALO_ISKOLA (FELHASZNALO_ISKOLA_ID,FELHASZNALO_ID,ISKOLA_ID,METTOL,MEDDIG) values ('18','7','14','1995','2006');
Insert into SOCIAL.FELHASZNALO_ISKOLA (FELHASZNALO_ISKOLA_ID,FELHASZNALO_ID,ISKOLA_ID,METTOL,MEDDIG) values ('19','7','1','2006','2010');
Insert into SOCIAL.FELHASZNALO_ISKOLA (FELHASZNALO_ISKOLA_ID,FELHASZNALO_ID,ISKOLA_ID,METTOL,MEDDIG) values ('20','7','8','2010','2017');
Insert into SOCIAL.FELHASZNALO_ISKOLA (FELHASZNALO_ISKOLA_ID,FELHASZNALO_ID,ISKOLA_ID,METTOL,MEDDIG) values ('21','3','6','1982','1990');
Insert into SOCIAL.FELHASZNALO_ISKOLA (FELHASZNALO_ISKOLA_ID,FELHASZNALO_ID,ISKOLA_ID,METTOL,MEDDIG) values ('22','3','5','1990','1994');
Insert into SOCIAL.FELHASZNALO_ISKOLA (FELHASZNALO_ISKOLA_ID,FELHASZNALO_ID,ISKOLA_ID,METTOL,MEDDIG) values ('23','3','8','2013','2017');
Insert into SOCIAL.FELHASZNALO_ISKOLA (FELHASZNALO_ISKOLA_ID,FELHASZNALO_ID,ISKOLA_ID,METTOL,MEDDIG) values ('26','8','2','1983','1991');
Insert into SOCIAL.FELHASZNALO_ISKOLA (FELHASZNALO_ISKOLA_ID,FELHASZNALO_ID,ISKOLA_ID,METTOL,MEDDIG) values ('27','8','3','1991','1995');
Insert into SOCIAL.FELHASZNALO_ISKOLA (FELHASZNALO_ISKOLA_ID,FELHASZNALO_ID,ISKOLA_ID,METTOL,MEDDIG) values ('28','8','11','1995','1998');
Insert into SOCIAL.FELHASZNALO_ISKOLA (FELHASZNALO_ISKOLA_ID,FELHASZNALO_ID,ISKOLA_ID,METTOL,MEDDIG) values ('29','8','13','2001','2003');
Insert into SOCIAL.FELHASZNALO_ISKOLA (FELHASZNALO_ISKOLA_ID,FELHASZNALO_ID,ISKOLA_ID,METTOL,MEDDIG) values ('30','9','10','1985','1993');
Insert into SOCIAL.FELHASZNALO_ISKOLA (FELHASZNALO_ISKOLA_ID,FELHASZNALO_ID,ISKOLA_ID,METTOL,MEDDIG) values ('31','9','1','1993','1997');
Insert into SOCIAL.FELHASZNALO_ISKOLA (FELHASZNALO_ISKOLA_ID,FELHASZNALO_ID,ISKOLA_ID,METTOL,MEDDIG) values ('32','9','11','2001','2005');
Insert into SOCIAL.FELHASZNALO_ISKOLA (FELHASZNALO_ISKOLA_ID,FELHASZNALO_ID,ISKOLA_ID,METTOL,MEDDIG) values ('33','10','14','1988','1997');
Insert into SOCIAL.FELHASZNALO_ISKOLA (FELHASZNALO_ISKOLA_ID,FELHASZNALO_ID,ISKOLA_ID,METTOL,MEDDIG) values ('34','10','15','1997','2001');
Insert into SOCIAL.FELHASZNALO_ISKOLA (FELHASZNALO_ISKOLA_ID,FELHASZNALO_ID,ISKOLA_ID,METTOL,MEDDIG) values ('35','10','8','2002','2004');
Insert into SOCIAL.FELHASZNALO_ISKOLA (FELHASZNALO_ISKOLA_ID,FELHASZNALO_ID,ISKOLA_ID,METTOL,MEDDIG) values ('36','11','2','1984','1992');
Insert into SOCIAL.FELHASZNALO_ISKOLA (FELHASZNALO_ISKOLA_ID,FELHASZNALO_ID,ISKOLA_ID,METTOL,MEDDIG) values ('37','11','4','1992','1996');
Insert into SOCIAL.FELHASZNALO_ISKOLA (FELHASZNALO_ISKOLA_ID,FELHASZNALO_ID,ISKOLA_ID,METTOL,MEDDIG) values ('38','11','9','1998','2002');
Insert into SOCIAL.FELHASZNALO_ISKOLA (FELHASZNALO_ISKOLA_ID,FELHASZNALO_ID,ISKOLA_ID,METTOL,MEDDIG) values ('39','12','6','1987','1996');
Insert into SOCIAL.FELHASZNALO_ISKOLA (FELHASZNALO_ISKOLA_ID,FELHASZNALO_ID,ISKOLA_ID,METTOL,MEDDIG) values ('40','12','15','1996','2000');
Insert into SOCIAL.FELHASZNALO_ISKOLA (FELHASZNALO_ISKOLA_ID,FELHASZNALO_ID,ISKOLA_ID,METTOL,MEDDIG) values ('41','12','9','2000','2004');
REM INSERTING into SOCIAL.FELHASZNALO_KAPCSOLAT
SET DEFINE OFF;
Insert into SOCIAL.FELHASZNALO_KAPCSOLAT (FELHASZNALO_LAPCSOLAT_ID,KEZDEMENYEZO_FELHASZNALO_ID,CEL_FELHASZNALO_ID,TIPUS) values ('1','5','3','1');
Insert into SOCIAL.FELHASZNALO_KAPCSOLAT (FELHASZNALO_LAPCSOLAT_ID,KEZDEMENYEZO_FELHASZNALO_ID,CEL_FELHASZNALO_ID,TIPUS) values ('2','3','4','1');
Insert into SOCIAL.FELHASZNALO_KAPCSOLAT (FELHASZNALO_LAPCSOLAT_ID,KEZDEMENYEZO_FELHASZNALO_ID,CEL_FELHASZNALO_ID,TIPUS) values ('3','6','11','1');
Insert into SOCIAL.FELHASZNALO_KAPCSOLAT (FELHASZNALO_LAPCSOLAT_ID,KEZDEMENYEZO_FELHASZNALO_ID,CEL_FELHASZNALO_ID,TIPUS) values ('4','6','12','1');
Insert into SOCIAL.FELHASZNALO_KAPCSOLAT (FELHASZNALO_LAPCSOLAT_ID,KEZDEMENYEZO_FELHASZNALO_ID,CEL_FELHASZNALO_ID,TIPUS) values ('5','4','7','1');
Insert into SOCIAL.FELHASZNALO_KAPCSOLAT (FELHASZNALO_LAPCSOLAT_ID,KEZDEMENYEZO_FELHASZNALO_ID,CEL_FELHASZNALO_ID,TIPUS) values ('6','4','8','1');
Insert into SOCIAL.FELHASZNALO_KAPCSOLAT (FELHASZNALO_LAPCSOLAT_ID,KEZDEMENYEZO_FELHASZNALO_ID,CEL_FELHASZNALO_ID,TIPUS) values ('7','7','11','2');
Insert into SOCIAL.FELHASZNALO_KAPCSOLAT (FELHASZNALO_LAPCSOLAT_ID,KEZDEMENYEZO_FELHASZNALO_ID,CEL_FELHASZNALO_ID,TIPUS) values ('8','7','12','0');
Insert into SOCIAL.FELHASZNALO_KAPCSOLAT (FELHASZNALO_LAPCSOLAT_ID,KEZDEMENYEZO_FELHASZNALO_ID,CEL_FELHASZNALO_ID,TIPUS) values ('9','9','4','1');
Insert into SOCIAL.FELHASZNALO_KAPCSOLAT (FELHASZNALO_LAPCSOLAT_ID,KEZDEMENYEZO_FELHASZNALO_ID,CEL_FELHASZNALO_ID,TIPUS) values ('10','4','10','1');
Insert into SOCIAL.FELHASZNALO_KAPCSOLAT (FELHASZNALO_LAPCSOLAT_ID,KEZDEMENYEZO_FELHASZNALO_ID,CEL_FELHASZNALO_ID,TIPUS) values ('14','9','10','1');
Insert into SOCIAL.FELHASZNALO_KAPCSOLAT (FELHASZNALO_LAPCSOLAT_ID,KEZDEMENYEZO_FELHASZNALO_ID,CEL_FELHASZNALO_ID,TIPUS) values ('15','5','4','1');
Insert into SOCIAL.FELHASZNALO_KAPCSOLAT (FELHASZNALO_LAPCSOLAT_ID,KEZDEMENYEZO_FELHASZNALO_ID,CEL_FELHASZNALO_ID,TIPUS) values ('16','8','6','0');
Insert into SOCIAL.FELHASZNALO_KAPCSOLAT (FELHASZNALO_LAPCSOLAT_ID,KEZDEMENYEZO_FELHASZNALO_ID,CEL_FELHASZNALO_ID,TIPUS) values ('17','9','8','1');
Insert into SOCIAL.FELHASZNALO_KAPCSOLAT (FELHASZNALO_LAPCSOLAT_ID,KEZDEMENYEZO_FELHASZNALO_ID,CEL_FELHASZNALO_ID,TIPUS) values ('18','11','12','0');
Insert into SOCIAL.FELHASZNALO_KAPCSOLAT (FELHASZNALO_LAPCSOLAT_ID,KEZDEMENYEZO_FELHASZNALO_ID,CEL_FELHASZNALO_ID,TIPUS) values ('19','6','4','1');
REM INSERTING into SOCIAL.FELHASZNALO_MUNKAHELY
SET DEFINE OFF;
Insert into SOCIAL.FELHASZNALO_MUNKAHELY (FELHASZNALO_MUNKAHELY_ID,FELHASZNALO_ID,MUNKAHELY_ID,AKTUALIS) values ('1','4','1','1');
Insert into SOCIAL.FELHASZNALO_MUNKAHELY (FELHASZNALO_MUNKAHELY_ID,FELHASZNALO_ID,MUNKAHELY_ID,AKTUALIS) values ('2','4','9','0');
Insert into SOCIAL.FELHASZNALO_MUNKAHELY (FELHASZNALO_MUNKAHELY_ID,FELHASZNALO_ID,MUNKAHELY_ID,AKTUALIS) values ('3','5','5','0');
Insert into SOCIAL.FELHASZNALO_MUNKAHELY (FELHASZNALO_MUNKAHELY_ID,FELHASZNALO_ID,MUNKAHELY_ID,AKTUALIS) values ('4','5','11','1');
Insert into SOCIAL.FELHASZNALO_MUNKAHELY (FELHASZNALO_MUNKAHELY_ID,FELHASZNALO_ID,MUNKAHELY_ID,AKTUALIS) values ('5','6','6','1');
Insert into SOCIAL.FELHASZNALO_MUNKAHELY (FELHASZNALO_MUNKAHELY_ID,FELHASZNALO_ID,MUNKAHELY_ID,AKTUALIS) values ('6','7','1','1');
Insert into SOCIAL.FELHASZNALO_MUNKAHELY (FELHASZNALO_MUNKAHELY_ID,FELHASZNALO_ID,MUNKAHELY_ID,AKTUALIS) values ('7','3','5','0');
Insert into SOCIAL.FELHASZNALO_MUNKAHELY (FELHASZNALO_MUNKAHELY_ID,FELHASZNALO_ID,MUNKAHELY_ID,AKTUALIS) values ('8','3','10','0');
Insert into SOCIAL.FELHASZNALO_MUNKAHELY (FELHASZNALO_MUNKAHELY_ID,FELHASZNALO_ID,MUNKAHELY_ID,AKTUALIS) values ('9','3','1','0');
Insert into SOCIAL.FELHASZNALO_MUNKAHELY (FELHASZNALO_MUNKAHELY_ID,FELHASZNALO_ID,MUNKAHELY_ID,AKTUALIS) values ('10','3','11','1');
Insert into SOCIAL.FELHASZNALO_MUNKAHELY (FELHASZNALO_MUNKAHELY_ID,FELHASZNALO_ID,MUNKAHELY_ID,AKTUALIS) values ('11','8','12','1');
Insert into SOCIAL.FELHASZNALO_MUNKAHELY (FELHASZNALO_MUNKAHELY_ID,FELHASZNALO_ID,MUNKAHELY_ID,AKTUALIS) values ('12','9','4','0');
Insert into SOCIAL.FELHASZNALO_MUNKAHELY (FELHASZNALO_MUNKAHELY_ID,FELHASZNALO_ID,MUNKAHELY_ID,AKTUALIS) values ('13','9','3','1');
Insert into SOCIAL.FELHASZNALO_MUNKAHELY (FELHASZNALO_MUNKAHELY_ID,FELHASZNALO_ID,MUNKAHELY_ID,AKTUALIS) values ('14','10','2','1');
Insert into SOCIAL.FELHASZNALO_MUNKAHELY (FELHASZNALO_MUNKAHELY_ID,FELHASZNALO_ID,MUNKAHELY_ID,AKTUALIS) values ('15','11','13','0');
Insert into SOCIAL.FELHASZNALO_MUNKAHELY (FELHASZNALO_MUNKAHELY_ID,FELHASZNALO_ID,MUNKAHELY_ID,AKTUALIS) values ('16','11','8','1');
Insert into SOCIAL.FELHASZNALO_MUNKAHELY (FELHASZNALO_MUNKAHELY_ID,FELHASZNALO_ID,MUNKAHELY_ID,AKTUALIS) values ('17','12','14','0');
Insert into SOCIAL.FELHASZNALO_MUNKAHELY (FELHASZNALO_MUNKAHELY_ID,FELHASZNALO_ID,MUNKAHELY_ID,AKTUALIS) values ('18','12','7','1');
REM INSERTING into SOCIAL.ISKOLA
SET DEFINE OFF;
Insert into SOCIAL.ISKOLA (ISKOLA_ID,NEV) values ('1','Gábor Dénes Gimnázium És Középiskola');
Insert into SOCIAL.ISKOLA (ISKOLA_ID,NEV) values ('2','Ságvári Endre Gyakorló Iskola');
Insert into SOCIAL.ISKOLA (ISKOLA_ID,NEV) values ('3','Ságvári Endre Gyakorló Gimnázium');
Insert into SOCIAL.ISKOLA (ISKOLA_ID,NEV) values ('4','Deák Ferenc Gimnázium');
Insert into SOCIAL.ISKOLA (ISKOLA_ID,NEV) values ('5','Vedres István Építõipari Szakközépiskola És Technikum');
Insert into SOCIAL.ISKOLA (ISKOLA_ID,NEV) values ('6','Szirmai István Általános Iskola');
Insert into SOCIAL.ISKOLA (ISKOLA_ID,NEV) values ('7','Radnóti Miklós Gimnázium');
Insert into SOCIAL.ISKOLA (ISKOLA_ID,NEV) values ('8','Szegedi Tudományegyetem TTIK');
Insert into SOCIAL.ISKOLA (ISKOLA_ID,NEV) values ('9','Szegedi Tudományegyetem Juhász Gyula Tanárképzõ Fõiskola');
Insert into SOCIAL.ISKOLA (ISKOLA_ID,NEV) values ('10','Juhász Gyula II. Gyakorló Általános Iskola');
Insert into SOCIAL.ISKOLA (ISKOLA_ID,NEV) values ('11','Szegedi Tudományegyetem Mérnöki Kar ');
Insert into SOCIAL.ISKOLA (ISKOLA_ID,NEV) values ('12','Juhász Gyula I. Gyakorló Általános Iskola');
Insert into SOCIAL.ISKOLA (ISKOLA_ID,NEV) values ('13','Szegedi Tudományegyetem GTK');
Insert into SOCIAL.ISKOLA (ISKOLA_ID,NEV) values ('14','Tabán Általános Iskola és Alapfokú Mûvészeti Iskola');
Insert into SOCIAL.ISKOLA (ISKOLA_ID,NEV) values ('15','Eötvös József Gimnázium');
Insert into SOCIAL.ISKOLA (ISKOLA_ID,NEV) values ('16','Szegedi Tudományegyetem BTK');
REM INSERTING into SOCIAL.KEP
SET DEFINE OFF;
Insert into SOCIAL.KEP (KEP_ID,FELTOLTVE,TULAJDONOS_ID,ALBUM_ID) values ('1',to_timestamp('17-MÁJ.  -14 10.29.51,377000000','RR-MON-DD HH24.MI.SSXFF'),'7',null);
Insert into SOCIAL.KEP (KEP_ID,FELTOLTVE,TULAJDONOS_ID,ALBUM_ID) values ('2',to_timestamp('17-MÁJ.  -14 10.32.29,461000000','RR-MON-DD HH24.MI.SSXFF'),'12',null);
Insert into SOCIAL.KEP (KEP_ID,FELTOLTVE,TULAJDONOS_ID,ALBUM_ID) values ('3',to_timestamp('17-MÁJ.  -14 10.33.04,949000000','RR-MON-DD HH24.MI.SSXFF'),'9',null);
Insert into SOCIAL.KEP (KEP_ID,FELTOLTVE,TULAJDONOS_ID,ALBUM_ID) values ('4',to_timestamp('17-MÁJ.  -14 10.33.40,305000000','RR-MON-DD HH24.MI.SSXFF'),'3',null);
Insert into SOCIAL.KEP (KEP_ID,FELTOLTVE,TULAJDONOS_ID,ALBUM_ID) values ('5',to_timestamp('17-MÁJ.  -14 10.34.32,782000000','RR-MON-DD HH24.MI.SSXFF'),'11',null);
Insert into SOCIAL.KEP (KEP_ID,FELTOLTVE,TULAJDONOS_ID,ALBUM_ID) values ('6',to_timestamp('17-MÁJ.  -14 10.35.04,261000000','RR-MON-DD HH24.MI.SSXFF'),'5',null);
Insert into SOCIAL.KEP (KEP_ID,FELTOLTVE,TULAJDONOS_ID,ALBUM_ID) values ('7',to_timestamp('17-MÁJ.  -14 10.35.28,886000000','RR-MON-DD HH24.MI.SSXFF'),'10',null);
Insert into SOCIAL.KEP (KEP_ID,FELTOLTVE,TULAJDONOS_ID,ALBUM_ID) values ('8',to_timestamp('17-MÁJ.  -14 10.35.52,765000000','RR-MON-DD HH24.MI.SSXFF'),'8',null);
Insert into SOCIAL.KEP (KEP_ID,FELTOLTVE,TULAJDONOS_ID,ALBUM_ID) values ('9',to_timestamp('17-MÁJ.  -14 10.36.13,135000000','RR-MON-DD HH24.MI.SSXFF'),'6',null);
Insert into SOCIAL.KEP (KEP_ID,FELTOLTVE,TULAJDONOS_ID,ALBUM_ID) values ('10',to_timestamp('17-MÁJ.  -14 10.38.44,222000000','RR-MON-DD HH24.MI.SSXFF'),'4',null);
Insert into SOCIAL.KEP (KEP_ID,FELTOLTVE,TULAJDONOS_ID,ALBUM_ID) values ('32',to_timestamp('17-MÁJ.  -14 17.25.24,000000000','RR-MON-DD HH24.MI.SSXFF'),'3','1');
Insert into SOCIAL.KEP (KEP_ID,FELTOLTVE,TULAJDONOS_ID,ALBUM_ID) values ('33',to_timestamp('17-MÁJ.  -14 17.25.24,000000000','RR-MON-DD HH24.MI.SSXFF'),'3','1');
Insert into SOCIAL.KEP (KEP_ID,FELTOLTVE,TULAJDONOS_ID,ALBUM_ID) values ('31',to_timestamp('17-MÁJ.  -14 17.24.29,000000000','RR-MON-DD HH24.MI.SSXFF'),'3','1');
Insert into SOCIAL.KEP (KEP_ID,FELTOLTVE,TULAJDONOS_ID,ALBUM_ID) values ('34',to_timestamp('17-MÁJ.  -14 17.25.24,000000000','RR-MON-DD HH24.MI.SSXFF'),'3','2');
Insert into SOCIAL.KEP (KEP_ID,FELTOLTVE,TULAJDONOS_ID,ALBUM_ID) values ('35',to_timestamp('17-MÁJ.  -14 17.25.24,000000000','RR-MON-DD HH24.MI.SSXFF'),'3','2');
Insert into SOCIAL.KEP (KEP_ID,FELTOLTVE,TULAJDONOS_ID,ALBUM_ID) values ('36',to_timestamp('17-MÁJ.  -14 17.25.24,000000000','RR-MON-DD HH24.MI.SSXFF'),'3','2');
Insert into SOCIAL.KEP (KEP_ID,FELTOLTVE,TULAJDONOS_ID,ALBUM_ID) values ('37',to_timestamp('17-MÁJ.  -14 18.19.34,000000000','RR-MON-DD HH24.MI.SSXFF'),'4',null);
Insert into SOCIAL.KEP (KEP_ID,FELTOLTVE,TULAJDONOS_ID,ALBUM_ID) values ('38',to_timestamp('17-MÁJ.  -14 18.47.18,000000000','RR-MON-DD HH24.MI.SSXFF'),'7','21');
Insert into SOCIAL.KEP (KEP_ID,FELTOLTVE,TULAJDONOS_ID,ALBUM_ID) values ('39',to_timestamp('17-MÁJ.  -14 18.47.18,000000000','RR-MON-DD HH24.MI.SSXFF'),'7','21');
Insert into SOCIAL.KEP (KEP_ID,FELTOLTVE,TULAJDONOS_ID,ALBUM_ID) values ('40',to_timestamp('17-MÁJ.  -14 18.47.18,000000000','RR-MON-DD HH24.MI.SSXFF'),'7','21');
Insert into SOCIAL.KEP (KEP_ID,FELTOLTVE,TULAJDONOS_ID,ALBUM_ID) values ('41',to_timestamp('17-MÁJ.  -14 18.47.18,000000000','RR-MON-DD HH24.MI.SSXFF'),'7','22');
Insert into SOCIAL.KEP (KEP_ID,FELTOLTVE,TULAJDONOS_ID,ALBUM_ID) values ('42',to_timestamp('17-MÁJ.  -14 18.47.18,000000000','RR-MON-DD HH24.MI.SSXFF'),'7','22');
Insert into SOCIAL.KEP (KEP_ID,FELTOLTVE,TULAJDONOS_ID,ALBUM_ID) values ('43',to_timestamp('17-MÁJ.  -14 18.47.18,000000000','RR-MON-DD HH24.MI.SSXFF'),'7','22');
Insert into SOCIAL.KEP (KEP_ID,FELTOLTVE,TULAJDONOS_ID,ALBUM_ID) values ('44',to_timestamp('17-MÁJ.  -14 18.50.55,000000000','RR-MON-DD HH24.MI.SSXFF'),'3',null);
Insert into SOCIAL.KEP (KEP_ID,FELTOLTVE,TULAJDONOS_ID,ALBUM_ID) values ('46',to_timestamp('17-MÁJ.  -14 20.33.52,000000000','RR-MON-DD HH24.MI.SSXFF'),'9',null);
REM INSERTING into SOCIAL.KEP_CIMKE
SET DEFINE OFF;
Insert into SOCIAL.KEP_CIMKE (KEP_CIMKE_ID,KEP_ID,CIMKE_ID) values ('1','6','10');
Insert into SOCIAL.KEP_CIMKE (KEP_CIMKE_ID,KEP_ID,CIMKE_ID) values ('2','9','10');
REM INSERTING into SOCIAL.MEGJEGYZES
SET DEFINE OFF;
Insert into SOCIAL.MEGJEGYZES (MEGJEGYZES_ID,SZERZO_FELHASZNALO_ID,LETREHOZVA,SZOVEG,KEP_ID,BEJEGYZES_ID,CSOPORT_ID) values ('1','9',to_timestamp('17-MÁJ.  -14 19.29.50,000000000','RR-MON-DD HH24.MI.SSXFF'),'Ez hogy sikerült??',null,'21',null);
Insert into SOCIAL.MEGJEGYZES (MEGJEGYZES_ID,SZERZO_FELHASZNALO_ID,LETREHOZVA,SZOVEG,KEP_ID,BEJEGYZES_ID,CSOPORT_ID) values ('2','4',to_timestamp('17-MÁJ.  -14 20.15.12,000000000','RR-MON-DD HH24.MI.SSXFF'),'Csinos vagy! :)','9',null,null);
Insert into SOCIAL.MEGJEGYZES (MEGJEGYZES_ID,SZERZO_FELHASZNALO_ID,LETREHOZVA,SZOVEG,KEP_ID,BEJEGYZES_ID,CSOPORT_ID) values ('3','3',to_timestamp('17-MÁJ.  -14 20.15.55,000000000','RR-MON-DD HH24.MI.SSXFF'),'Szép vagy Drágám!','6',null,null);
Insert into SOCIAL.MEGJEGYZES (MEGJEGYZES_ID,SZERZO_FELHASZNALO_ID,LETREHOZVA,SZOVEG,KEP_ID,BEJEGYZES_ID,CSOPORT_ID) values ('4','6',to_timestamp('17-MÁJ.  -14 20.24.15,000000000','RR-MON-DD HH24.MI.SSXFF'),'Köszönöm..:)','9',null,null);
Insert into SOCIAL.MEGJEGYZES (MEGJEGYZES_ID,SZERZO_FELHASZNALO_ID,LETREHOZVA,SZOVEG,KEP_ID,BEJEGYZES_ID,CSOPORT_ID) values ('6','5',to_timestamp('17-MÁJ.  -14 20.24.41,000000000','RR-MON-DD HH24.MI.SSXFF'),'Köszike. :)','6',null,null);
Insert into SOCIAL.MEGJEGYZES (MEGJEGYZES_ID,SZERZO_FELHASZNALO_ID,LETREHOZVA,SZOVEG,KEP_ID,BEJEGYZES_ID,CSOPORT_ID) values ('8','12',to_timestamp('17-MÁJ.  -14 20.43.11,000000000','RR-MON-DD HH24.MI.SSXFF'),'Azért ez eléggé érdekes..',null,'24',null);
REM INSERTING into SOCIAL.MUNKAHELY
SET DEFINE OFF;
Insert into SOCIAL.MUNKAHELY (MUNKAHELY_ID,CEGNEV) values ('1','PC-BoX Kft.');
Insert into SOCIAL.MUNKAHELY (MUNKAHELY_ID,CEGNEV) values ('2','CIB Bank Zrt.');
Insert into SOCIAL.MUNKAHELY (MUNKAHELY_ID,CEGNEV) values ('3','Pertrolterv Kft.');
Insert into SOCIAL.MUNKAHELY (MUNKAHELY_ID,CEGNEV) values ('4','Petrolszervíz Kft.');
Insert into SOCIAL.MUNKAHELY (MUNKAHELY_ID,CEGNEV) values ('5','Océ Kft.');
Insert into SOCIAL.MUNKAHELY (MUNKAHELY_ID,CEGNEV) values ('6','Reálszisztéma Zrt.');
Insert into SOCIAL.MUNKAHELY (MUNKAHELY_ID,CEGNEV) values ('7','N-tax Kft.');
Insert into SOCIAL.MUNKAHELY (MUNKAHELY_ID,CEGNEV) values ('8','Gremon Zrt.');
Insert into SOCIAL.MUNKAHELY (MUNKAHELY_ID,CEGNEV) values ('9','Infotech Kft.');
Insert into SOCIAL.MUNKAHELY (MUNKAHELY_ID,CEGNEV) values ('10','Ritek Zrt.');
Insert into SOCIAL.MUNKAHELY (MUNKAHELY_ID,CEGNEV) values ('11','Sonrisa Kft.');
Insert into SOCIAL.MUNKAHELY (MUNKAHELY_ID,CEGNEV) values ('12','DAKK Zrt.');
Insert into SOCIAL.MUNKAHELY (MUNKAHELY_ID,CEGNEV) values ('13','2F Kft.');
Insert into SOCIAL.MUNKAHELY (MUNKAHELY_ID,CEGNEV) values ('14','Kello Kft.');
REM INSERTING into SOCIAL.UZENET
SET DEFINE OFF;
Insert into SOCIAL.UZENET (UZENET_ID,SZOVEG,LETREHOZVA,KULDO_FELHASZNALO_ID,CIMZETT_FELHASZNALO_ID) values ('2','Szevasz',to_timestamp('17-MÁJ.  -14 12.07.39,000000000','RR-MON-DD HH24.MI.SSXFF'),'4','3');
Insert into SOCIAL.UZENET (UZENET_ID,SZOVEG,LETREHOZVA,KULDO_FELHASZNALO_ID,CIMZETT_FELHASZNALO_ID) values ('3','Mi a helyzet?',to_timestamp('17-MÁJ.  -14 12.37.27,000000000','RR-MON-DD HH24.MI.SSXFF'),'3','4');
Insert into SOCIAL.UZENET (UZENET_ID,SZOVEG,LETREHOZVA,KULDO_FELHASZNALO_ID,CIMZETT_FELHASZNALO_ID) values ('1','Szia',to_timestamp('17-MÁJ.  -14 12.07.39,000000000','RR-MON-DD HH24.MI.SSXFF'),'3','4');
Insert into SOCIAL.UZENET (UZENET_ID,SZOVEG,LETREHOZVA,KULDO_FELHASZNALO_ID,CIMZETT_FELHASZNALO_ID) values ('4','Nem sok, és nálad?',to_timestamp('17-MÁJ.  -14 12.37.42,000000000','RR-MON-DD HH24.MI.SSXFF'),'4','3');
Insert into SOCIAL.UZENET (UZENET_ID,SZOVEG,LETREHOZVA,KULDO_FELHASZNALO_ID,CIMZETT_FELHASZNALO_ID) values ('5','Basszus, ma kizavart a tanár matek óráról...',to_timestamp('17-MÁJ.  -14 14.23.17,000000000','RR-MON-DD HH24.MI.SSXFF'),'4','3');
Insert into SOCIAL.UZENET (UZENET_ID,SZOVEG,LETREHOZVA,KULDO_FELHASZNALO_ID,CIMZETT_FELHASZNALO_ID) values ('6','Miért?!?',to_timestamp('17-MÁJ.  -14 14.23.17,000000000','RR-MON-DD HH24.MI.SSXFF'),'3','4');
Insert into SOCIAL.UZENET (UZENET_ID,SZOVEG,LETREHOZVA,KULDO_FELHASZNALO_ID,CIMZETT_FELHASZNALO_ID) values ('7','Arra a kérdésre hogy mi következik a 69 után, nem az volt a helyes válasz hogy szájöblögetés..',to_timestamp('17-MÁJ.  -14 14.23.17,000000000','RR-MON-DD HH24.MI.SSXFF'),'4','3');
Insert into SOCIAL.UZENET (UZENET_ID,SZOVEG,LETREHOZVA,KULDO_FELHASZNALO_ID,CIMZETT_FELHASZNALO_ID) values ('8','LOL...',to_timestamp('17-MÁJ.  -14 14.23.17,000000000','RR-MON-DD HH24.MI.SSXFF'),'3','4');
Insert into SOCIAL.UZENET (UZENET_ID,SZOVEG,LETREHOZVA,KULDO_FELHASZNALO_ID,CIMZETT_FELHASZNALO_ID) values ('9','Nem is voltam lyan részeg!',to_timestamp('17-MÁJ.  -14 14.25.46,000000000','RR-MON-DD HH24.MI.SSXFF'),'9','10');
Insert into SOCIAL.UZENET (UZENET_ID,SZOVEG,LETREHOZVA,KULDO_FELHASZNALO_ID,CIMZETT_FELHASZNALO_ID) values ('10','Haver.. beálltál a WC-be és megpróbáltad magad lehúzni a mágiaügyi minisztériumba...',to_timestamp('17-MÁJ.  -14 14.25.46,000000000','RR-MON-DD HH24.MI.SSXFF'),'10','9');
Insert into SOCIAL.UZENET (UZENET_ID,SZOVEG,LETREHOZVA,KULDO_FELHASZNALO_ID,CIMZETT_FELHASZNALO_ID) values ('11','JJézusooom!!!',to_timestamp('17-MÁJ.  -14 14.25.46,000000000','RR-MON-DD HH24.MI.SSXFF'),'9','10');
Insert into SOCIAL.UZENET (UZENET_ID,SZOVEG,LETREHOZVA,KULDO_FELHASZNALO_ID,CIMZETT_FELHASZNALO_ID) values ('12','Bébi...',to_timestamp('17-MÁJ.  -14 14.36.33,000000000','RR-MON-DD HH24.MI.SSXFF'),'3','5');
Insert into SOCIAL.UZENET (UZENET_ID,SZOVEG,LETREHOZVA,KULDO_FELHASZNALO_ID,CIMZETT_FELHASZNALO_ID) values ('13','Igen?',to_timestamp('17-MÁJ.  -14 14.36.33,000000000','RR-MON-DD HH24.MI.SSXFF'),'5','3');
Insert into SOCIAL.UZENET (UZENET_ID,SZOVEG,LETREHOZVA,KULDO_FELHASZNALO_ID,CIMZETT_FELHASZNALO_ID) values ('14','El kell mondjak valami fontosat...',to_timestamp('17-MÁJ.  -14 14.36.33,000000000','RR-MON-DD HH24.MI.SSXFF'),'3','5');
Insert into SOCIAL.UZENET (UZENET_ID,SZOVEG,LETREHOZVA,KULDO_FELHASZNALO_ID,CIMZETT_FELHASZNALO_ID) values ('15','Most?',to_timestamp('17-MÁJ.  -14 14.36.33,000000000','RR-MON-DD HH24.MI.SSXFF'),'5','3');
Insert into SOCIAL.UZENET (UZENET_ID,SZOVEG,LETREHOZVA,KULDO_FELHASZNALO_ID,CIMZETT_FELHASZNALO_ID) values ('16','Igen, ez nem várhat!',to_timestamp('17-MÁJ.  -14 14.36.33,000000000','RR-MON-DD HH24.MI.SSXFF'),'3','5');
Insert into SOCIAL.UZENET (UZENET_ID,SZOVEG,LETREHOZVA,KULDO_FELHASZNALO_ID,CIMZETT_FELHASZNALO_ID) values ('17','NNa mondjad...',to_timestamp('17-MÁJ.  -14 14.36.33,000000000','RR-MON-DD HH24.MI.SSXFF'),'5','3');
Insert into SOCIAL.UZENET (UZENET_ID,SZOVEG,LETREHOZVA,KULDO_FELHASZNALO_ID,CIMZETT_FELHASZNALO_ID) values ('18','Én vagyok Batman!!!',to_timestamp('17-MÁJ.  -14 14.36.33,000000000','RR-MON-DD HH24.MI.SSXFF'),'3','5');
Insert into SOCIAL.UZENET (UZENET_ID,SZOVEG,LETREHOZVA,KULDO_FELHASZNALO_ID,CIMZETT_FELHASZNALO_ID) values ('19','Részeg vagy mi?',to_timestamp('17-MÁJ.  -14 14.36.33,000000000','RR-MON-DD HH24.MI.SSXFF'),'5','3');
Insert into SOCIAL.UZENET (UZENET_ID,SZOVEG,LETREHOZVA,KULDO_FELHASZNALO_ID,CIMZETT_FELHASZNALO_ID) values ('20','Lehet...',to_timestamp('17-MÁJ.  -14 14.36.34,000000000','RR-MON-DD HH24.MI.SSXFF'),'3','5');
Insert into SOCIAL.UZENET (UZENET_ID,SZOVEG,LETREHOZVA,KULDO_FELHASZNALO_ID,CIMZETT_FELHASZNALO_ID) values ('21','Gyere át!',to_timestamp('17-MÁJ.  -14 14.38.24,000000000','RR-MON-DD HH24.MI.SSXFF'),'10','9');
Insert into SOCIAL.UZENET (UZENET_ID,SZOVEG,LETREHOZVA,KULDO_FELHASZNALO_ID,CIMZETT_FELHASZNALO_ID) values ('22','Nincs az az isten...',to_timestamp('17-MÁJ.  -14 14.38.24,000000000','RR-MON-DD HH24.MI.SSXFF'),'9','10');
Insert into SOCIAL.UZENET (UZENET_ID,SZOVEG,LETREHOZVA,KULDO_FELHASZNALO_ID,CIMZETT_FELHASZNALO_ID) values ('23','Veszünk sört!',to_timestamp('17-MÁJ.  -14 14.38.24,000000000','RR-MON-DD HH24.MI.SSXFF'),'10','9');
Insert into SOCIAL.UZENET (UZENET_ID,SZOVEG,LETREHOZVA,KULDO_FELHASZNALO_ID,CIMZETT_FELHASZNALO_ID) values ('24','Úton vagyok!',to_timestamp('17-MÁJ.  -14 14.38.24,000000000','RR-MON-DD HH24.MI.SSXFF'),'9','10');
Insert into SOCIAL.UZENET (UZENET_ID,SZOVEG,LETREHOZVA,KULDO_FELHASZNALO_ID,CIMZETT_FELHASZNALO_ID) values ('25','Szia! Van Barátod?',to_timestamp('17-MÁJ.  -14 14.39.50,000000000','RR-MON-DD HH24.MI.SSXFF'),'7','12');
Insert into SOCIAL.UZENET (UZENET_ID,SZOVEG,LETREHOZVA,KULDO_FELHASZNALO_ID,CIMZETT_FELHASZNALO_ID) values ('26','Igen! Okos, erõs, házias...',to_timestamp('17-MÁJ.  -14 14.39.50,000000000','RR-MON-DD HH24.MI.SSXFF'),'12','7');
Insert into SOCIAL.UZENET (UZENET_ID,SZOVEG,LETREHOZVA,KULDO_FELHASZNALO_ID,CIMZETT_FELHASZNALO_ID) values ('27','Hûha... és hogy hívják?',to_timestamp('17-MÁJ.  -14 14.39.50,000000000','RR-MON-DD HH24.MI.SSXFF'),'7','12');
Insert into SOCIAL.UZENET (UZENET_ID,SZOVEG,LETREHOZVA,KULDO_FELHASZNALO_ID,CIMZETT_FELHASZNALO_ID) values ('28','Gábor, Zoli és Feri...',to_timestamp('17-MÁJ.  -14 14.39.50,000000000','RR-MON-DD HH24.MI.SSXFF'),'12','7');
Insert into SOCIAL.UZENET (UZENET_ID,SZOVEG,LETREHOZVA,KULDO_FELHASZNALO_ID,CIMZETT_FELHASZNALO_ID) values ('29','Szia, videóból mp3-at csinálni lehet valami egyszerû módon?',to_timestamp('17-MÁJ.  -14 14.42.26,000000000','RR-MON-DD HH24.MI.SSXFF'),'11','4');
Insert into SOCIAL.UZENET (UZENET_ID,SZOVEG,LETREHOZVA,KULDO_FELHASZNALO_ID,CIMZETT_FELHASZNALO_ID) values ('30','Kikapcsolod a monitort....',to_timestamp('17-MÁJ.  -14 14.42.26,000000000','RR-MON-DD HH24.MI.SSXFF'),'4','11');
Insert into SOCIAL.UZENET (UZENET_ID,SZOVEG,LETREHOZVA,KULDO_FELHASZNALO_ID,CIMZETT_FELHASZNALO_ID) values ('31','A nõ olyan min a hurrikán!!!',to_timestamp('17-MÁJ.  -14 14.47.36,000000000','RR-MON-DD HH24.MI.SSXFF'),'9','4');
Insert into SOCIAL.UZENET (UZENET_ID,SZOVEG,LETREHOZVA,KULDO_FELHASZNALO_ID,CIMZETT_FELHASZNALO_ID) values ('32','Ezt hogy érted???',to_timestamp('17-MÁJ.  -14 14.47.36,000000000','RR-MON-DD HH24.MI.SSXFF'),'4','9');
Insert into SOCIAL.UZENET (UZENET_ID,SZOVEG,LETREHOZVA,KULDO_FELHASZNALO_ID,CIMZETT_FELHASZNALO_ID) values ('33','Amikör jön, vad és nedves... amikor meg elmegy, viszi a házadat és a kocsidat..',to_timestamp('17-MÁJ.  -14 14.47.36,000000000','RR-MON-DD HH24.MI.SSXFF'),'9','4');
Insert into SOCIAL.UZENET (UZENET_ID,SZOVEG,LETREHOZVA,KULDO_FELHASZNALO_ID,CIMZETT_FELHASZNALO_ID) values ('34','Mit akarsz enni vacsorára?',to_timestamp('17-MÁJ.  -14 14.50.34,000000000','RR-MON-DD HH24.MI.SSXFF'),'4','6');
Insert into SOCIAL.UZENET (UZENET_ID,SZOVEG,LETREHOZVA,KULDO_FELHASZNALO_ID,CIMZETT_FELHASZNALO_ID) values ('35','Nekem mindegy, bármit.. Dönts Te...',to_timestamp('17-MÁJ.  -14 14.50.34,000000000','RR-MON-DD HH24.MI.SSXFF'),'6','4');
Insert into SOCIAL.UZENET (UZENET_ID,SZOVEG,LETREHOZVA,KULDO_FELHASZNALO_ID,CIMZETT_FELHASZNALO_ID) values ('36','Tejszínes csirkemell?',to_timestamp('17-MÁJ.  -14 14.50.34,000000000','RR-MON-DD HH24.MI.SSXFF'),'4','6');
Insert into SOCIAL.UZENET (UZENET_ID,SZOVEG,LETREHOZVA,KULDO_FELHASZNALO_ID,CIMZETT_FELHASZNALO_ID) values ('37','Na azt biztos nem.',to_timestamp('17-MÁJ.  -14 14.50.34,000000000','RR-MON-DD HH24.MI.SSXFF'),'6','4');
Insert into SOCIAL.UZENET (UZENET_ID,SZOVEG,LETREHOZVA,KULDO_FELHASZNALO_ID,CIMZETT_FELHASZNALO_ID) values ('38',':)',to_timestamp('17-MÁJ.  -14 14.50.34,000000000','RR-MON-DD HH24.MI.SSXFF'),'4','6');
Insert into SOCIAL.UZENET (UZENET_ID,SZOVEG,LETREHOZVA,KULDO_FELHASZNALO_ID,CIMZETT_FELHASZNALO_ID) values ('39','Boldog Születésnapot!!!!',to_timestamp('17-MÁJ.  -14 14.54.51,000000000','RR-MON-DD HH24.MI.SSXFF'),'3','5');
Insert into SOCIAL.UZENET (UZENET_ID,SZOVEG,LETREHOZVA,KULDO_FELHASZNALO_ID,CIMZETT_FELHASZNALO_ID) values ('40','Jajj köszönöm szépen!!, annyira izgulok, hogy mit kapok, áruld már el kérlek!',to_timestamp('17-MÁJ.  -14 14.54.51,000000000','RR-MON-DD HH24.MI.SSXFF'),'5','3');
Insert into SOCIAL.UZENET (UZENET_ID,SZOVEG,LETREHOZVA,KULDO_FELHASZNALO_ID,CIMZETT_FELHASZNALO_ID) values ('41','EEmlékszel arra a cuki rózsaszín BMW-re, amiért odavoltál?',to_timestamp('17-MÁJ.  -14 14.54.51,000000000','RR-MON-DD HH24.MI.SSXFF'),'3','5');
Insert into SOCIAL.UZENET (UZENET_ID,SZOVEG,LETREHOZVA,KULDO_FELHASZNALO_ID,CIMZETT_FELHASZNALO_ID) values ('42','ÚRISTEN ÚRISTEN, ÚRISTEN.. IGEEEN! IMÁDLAK!!',to_timestamp('17-MÁJ.  -14 14.54.51,000000000','RR-MON-DD HH24.MI.SSXFF'),'5','3');
Insert into SOCIAL.UZENET (UZENET_ID,SZOVEG,LETREHOZVA,KULDO_FELHASZNALO_ID,CIMZETT_FELHASZNALO_ID) values ('43','Na, ugyanolyan színû szájfényt...',to_timestamp('17-MÁJ.  -14 14.54.51,000000000','RR-MON-DD HH24.MI.SSXFF'),'3','5');
REM INSERTING into SOCIAL.VBEJEGYZES_CIMKE
SET DEFINE OFF;
Insert into SOCIAL.VBEJEGYZES_CIMKE (BEJEGYZES_ID,TAGEK) values ('3','#teszt, #yolo, #zene');
Insert into SOCIAL.VBEJEGYZES_CIMKE (BEJEGYZES_ID,TAGEK) values ('4','#yolo, #zene');
Insert into SOCIAL.VBEJEGYZES_CIMKE (BEJEGYZES_ID,TAGEK) values ('21','#poén');
Insert into SOCIAL.VBEJEGYZES_CIMKE (BEJEGYZES_ID,TAGEK) values ('23','#poén');
Insert into SOCIAL.VBEJEGYZES_CIMKE (BEJEGYZES_ID,TAGEK) values ('24','#vicc');
REM INSERTING into SOCIAL.VFELHASZNALO
SET DEFINE OFF;
Insert into SOCIAL.VFELHASZNALO (FELHASZNALO_ID,EMAIL,FELHASZNALO_NEV,NEV,SZULETETT) values ('4','ikokoh79@gmail.com','Koko','Kovács István',to_date('79-FEBR. -05','RR-MON-DD'));
Insert into SOCIAL.VFELHASZNALO (FELHASZNALO_ID,EMAIL,FELHASZNALO_NEV,NEV,SZULETETT) values ('5','julcsi@gmail.com','Julcsi','Németh Júlia Boróka',to_date('91-JÚN.  -13','RR-MON-DD'));
Insert into SOCIAL.VFELHASZNALO (FELHASZNALO_ID,EMAIL,FELHASZNALO_NEV,NEV,SZULETETT) values ('6','pados.zsofia@gmail.com','Padoszso','Pados Zsófia',to_date('82-ÁPR.  -25','RR-MON-DD'));
Insert into SOCIAL.VFELHASZNALO (FELHASZNALO_ID,EMAIL,FELHASZNALO_NEV,NEV,SZULETETT) values ('7','lorysec07@gmail.com','lorysec','Báer Lóránt',to_date('89-AUG.  -17','RR-MON-DD'));
Insert into SOCIAL.VFELHASZNALO (FELHASZNALO_ID,EMAIL,FELHASZNALO_NEV,NEV,SZULETETT) values ('3','huszar@gmail.com','Huszár','Huszár Péter',to_date('76-JAN.  -30','RR-MON-DD'));
Insert into SOCIAL.VFELHASZNALO (FELHASZNALO_ID,EMAIL,FELHASZNALO_NEV,NEV,SZULETETT) values ('8','vera.kovacs@gmail.com','Verush','Kovács Veronika',to_date('17-MÁJ.  -06','RR-MON-DD'));
Insert into SOCIAL.VFELHASZNALO (FELHASZNALO_ID,EMAIL,FELHASZNALO_NEV,NEV,SZULETETT) values ('9','g.laca79@gmail.com','glaca','Gaál László',to_date('79-JAN.  -18','RR-MON-DD'));
Insert into SOCIAL.VFELHASZNALO (FELHASZNALO_ID,EMAIL,FELHASZNALO_NEV,NEV,SZULETETT) values ('10','h.rabu@gmail.com','trabu','Horváth Rabán',to_date('82-ÁPR.  -24','RR-MON-DD'));
Insert into SOCIAL.VFELHASZNALO (FELHASZNALO_ID,EMAIL,FELHASZNALO_NEV,NEV,SZULETETT) values ('11','bozso.ildiko@gmail.com','bildi','bozso.ildiko@gmail.com',to_date('77-DEC.  -23','RR-MON-DD'));
Insert into SOCIAL.VFELHASZNALO (FELHASZNALO_ID,EMAIL,FELHASZNALO_NEV,NEV,SZULETETT) values ('12','fodor.ibolya@gmail.com','feebee','fodor.ibolya@gmail.com',to_date('81-JÚN.  -04','RR-MON-DD'));
REM INSERTING into SOCIAL.VISMEROS
SET DEFINE OFF;
Insert into SOCIAL.VISMEROS (FELHASZNALO_ID,ISMEROS_ID,TIPUS) values ('3','5','1');
Insert into SOCIAL.VISMEROS (FELHASZNALO_ID,ISMEROS_ID,TIPUS) values ('4','3','1');
Insert into SOCIAL.VISMEROS (FELHASZNALO_ID,ISMEROS_ID,TIPUS) values ('11','6','1');
Insert into SOCIAL.VISMEROS (FELHASZNALO_ID,ISMEROS_ID,TIPUS) values ('12','6','1');
Insert into SOCIAL.VISMEROS (FELHASZNALO_ID,ISMEROS_ID,TIPUS) values ('7','4','1');
Insert into SOCIAL.VISMEROS (FELHASZNALO_ID,ISMEROS_ID,TIPUS) values ('8','4','1');
Insert into SOCIAL.VISMEROS (FELHASZNALO_ID,ISMEROS_ID,TIPUS) values ('11','7','2');
Insert into SOCIAL.VISMEROS (FELHASZNALO_ID,ISMEROS_ID,TIPUS) values ('12','7','0');
Insert into SOCIAL.VISMEROS (FELHASZNALO_ID,ISMEROS_ID,TIPUS) values ('4','9','1');
Insert into SOCIAL.VISMEROS (FELHASZNALO_ID,ISMEROS_ID,TIPUS) values ('10','4','1');
Insert into SOCIAL.VISMEROS (FELHASZNALO_ID,ISMEROS_ID,TIPUS) values ('10','9','1');
Insert into SOCIAL.VISMEROS (FELHASZNALO_ID,ISMEROS_ID,TIPUS) values ('4','5','1');
Insert into SOCIAL.VISMEROS (FELHASZNALO_ID,ISMEROS_ID,TIPUS) values ('6','8','0');
Insert into SOCIAL.VISMEROS (FELHASZNALO_ID,ISMEROS_ID,TIPUS) values ('8','9','1');
Insert into SOCIAL.VISMEROS (FELHASZNALO_ID,ISMEROS_ID,TIPUS) values ('12','11','0');
Insert into SOCIAL.VISMEROS (FELHASZNALO_ID,ISMEROS_ID,TIPUS) values ('4','6','1');
Insert into SOCIAL.VISMEROS (FELHASZNALO_ID,ISMEROS_ID,TIPUS) values ('5','3','1');
Insert into SOCIAL.VISMEROS (FELHASZNALO_ID,ISMEROS_ID,TIPUS) values ('3','4','1');
Insert into SOCIAL.VISMEROS (FELHASZNALO_ID,ISMEROS_ID,TIPUS) values ('6','11','1');
Insert into SOCIAL.VISMEROS (FELHASZNALO_ID,ISMEROS_ID,TIPUS) values ('6','12','1');
Insert into SOCIAL.VISMEROS (FELHASZNALO_ID,ISMEROS_ID,TIPUS) values ('4','7','1');
Insert into SOCIAL.VISMEROS (FELHASZNALO_ID,ISMEROS_ID,TIPUS) values ('4','8','1');
Insert into SOCIAL.VISMEROS (FELHASZNALO_ID,ISMEROS_ID,TIPUS) values ('7','11','2');
Insert into SOCIAL.VISMEROS (FELHASZNALO_ID,ISMEROS_ID,TIPUS) values ('7','12','0');
Insert into SOCIAL.VISMEROS (FELHASZNALO_ID,ISMEROS_ID,TIPUS) values ('9','4','1');
Insert into SOCIAL.VISMEROS (FELHASZNALO_ID,ISMEROS_ID,TIPUS) values ('4','10','1');
Insert into SOCIAL.VISMEROS (FELHASZNALO_ID,ISMEROS_ID,TIPUS) values ('9','10','1');
Insert into SOCIAL.VISMEROS (FELHASZNALO_ID,ISMEROS_ID,TIPUS) values ('5','4','1');
Insert into SOCIAL.VISMEROS (FELHASZNALO_ID,ISMEROS_ID,TIPUS) values ('8','6','0');
Insert into SOCIAL.VISMEROS (FELHASZNALO_ID,ISMEROS_ID,TIPUS) values ('9','8','1');
Insert into SOCIAL.VISMEROS (FELHASZNALO_ID,ISMEROS_ID,TIPUS) values ('11','12','0');
Insert into SOCIAL.VISMEROS (FELHASZNALO_ID,ISMEROS_ID,TIPUS) values ('6','4','1');
REM INSERTING into SOCIAL.VUZENETFOLYAM
SET DEFINE OFF;
Insert into SOCIAL.VUZENETFOLYAM (BESZELGETES_ID,KULDO_FELHASZNALO_ID,CIMZETT_FELHASZNALO_ID,LETREHOZVA,SZOVEG,K,C) values ('3','3','4',to_timestamp('17-MÁJ.  -14 12.07.39,000000000','RR-MON-DD HH24.MI.SSXFF'),'Szia','Huszár Péter','Kovács István');
Insert into SOCIAL.VUZENETFOLYAM (BESZELGETES_ID,KULDO_FELHASZNALO_ID,CIMZETT_FELHASZNALO_ID,LETREHOZVA,SZOVEG,K,C) values ('3','4','3',to_timestamp('17-MÁJ.  -14 12.07.39,000000000','RR-MON-DD HH24.MI.SSXFF'),'Szevasz','Kovács István','Huszár Péter');
Insert into SOCIAL.VUZENETFOLYAM (BESZELGETES_ID,KULDO_FELHASZNALO_ID,CIMZETT_FELHASZNALO_ID,LETREHOZVA,SZOVEG,K,C) values ('3','3','4',to_timestamp('17-MÁJ.  -14 12.37.27,000000000','RR-MON-DD HH24.MI.SSXFF'),'Mi a helyzet?','Huszár Péter','Kovács István');
Insert into SOCIAL.VUZENETFOLYAM (BESZELGETES_ID,KULDO_FELHASZNALO_ID,CIMZETT_FELHASZNALO_ID,LETREHOZVA,SZOVEG,K,C) values ('3','4','3',to_timestamp('17-MÁJ.  -14 12.37.42,000000000','RR-MON-DD HH24.MI.SSXFF'),'Nem sok, és nálad?','Kovács István','Huszár Péter');
Insert into SOCIAL.VUZENETFOLYAM (BESZELGETES_ID,KULDO_FELHASZNALO_ID,CIMZETT_FELHASZNALO_ID,LETREHOZVA,SZOVEG,K,C) values ('3','4','3',to_timestamp('17-MÁJ.  -14 14.23.17,000000000','RR-MON-DD HH24.MI.SSXFF'),'Basszus, ma kizavart a tanár matek óráról...','Kovács István','Huszár Péter');
Insert into SOCIAL.VUZENETFOLYAM (BESZELGETES_ID,KULDO_FELHASZNALO_ID,CIMZETT_FELHASZNALO_ID,LETREHOZVA,SZOVEG,K,C) values ('3','3','4',to_timestamp('17-MÁJ.  -14 14.23.17,000000000','RR-MON-DD HH24.MI.SSXFF'),'Miért?!?','Huszár Péter','Kovács István');
Insert into SOCIAL.VUZENETFOLYAM (BESZELGETES_ID,KULDO_FELHASZNALO_ID,CIMZETT_FELHASZNALO_ID,LETREHOZVA,SZOVEG,K,C) values ('3','4','3',to_timestamp('17-MÁJ.  -14 14.23.17,000000000','RR-MON-DD HH24.MI.SSXFF'),'Arra a kérdésre hogy mi következik a 69 után, nem az volt a helyes válasz hogy szájöblögetés..','Kovács István','Huszár Péter');
Insert into SOCIAL.VUZENETFOLYAM (BESZELGETES_ID,KULDO_FELHASZNALO_ID,CIMZETT_FELHASZNALO_ID,LETREHOZVA,SZOVEG,K,C) values ('3','3','4',to_timestamp('17-MÁJ.  -14 14.23.17,000000000','RR-MON-DD HH24.MI.SSXFF'),'LOL...','Huszár Péter','Kovács István');
Insert into SOCIAL.VUZENETFOLYAM (BESZELGETES_ID,KULDO_FELHASZNALO_ID,CIMZETT_FELHASZNALO_ID,LETREHOZVA,SZOVEG,K,C) values ('9','9','10',to_timestamp('17-MÁJ.  -14 14.25.46,000000000','RR-MON-DD HH24.MI.SSXFF'),'Nem is voltam lyan részeg!','Gaál László','Horváth Rabán');
Insert into SOCIAL.VUZENETFOLYAM (BESZELGETES_ID,KULDO_FELHASZNALO_ID,CIMZETT_FELHASZNALO_ID,LETREHOZVA,SZOVEG,K,C) values ('9','10','9',to_timestamp('17-MÁJ.  -14 14.25.46,000000000','RR-MON-DD HH24.MI.SSXFF'),'Haver.. beálltál a WC-be és megpróbáltad magad lehúzni a mágiaügyi minisztériumba...','Horváth Rabán','Gaál László');
Insert into SOCIAL.VUZENETFOLYAM (BESZELGETES_ID,KULDO_FELHASZNALO_ID,CIMZETT_FELHASZNALO_ID,LETREHOZVA,SZOVEG,K,C) values ('9','9','10',to_timestamp('17-MÁJ.  -14 14.25.46,000000000','RR-MON-DD HH24.MI.SSXFF'),'JJézusooom!!!','Gaál László','Horváth Rabán');
Insert into SOCIAL.VUZENETFOLYAM (BESZELGETES_ID,KULDO_FELHASZNALO_ID,CIMZETT_FELHASZNALO_ID,LETREHOZVA,SZOVEG,K,C) values ('3','3','5',to_timestamp('17-MÁJ.  -14 14.36.33,000000000','RR-MON-DD HH24.MI.SSXFF'),'Bébi...','Huszár Péter','Németh Júlia Boróka');
Insert into SOCIAL.VUZENETFOLYAM (BESZELGETES_ID,KULDO_FELHASZNALO_ID,CIMZETT_FELHASZNALO_ID,LETREHOZVA,SZOVEG,K,C) values ('3','5','3',to_timestamp('17-MÁJ.  -14 14.36.33,000000000','RR-MON-DD HH24.MI.SSXFF'),'Igen?','Németh Júlia Boróka','Huszár Péter');
Insert into SOCIAL.VUZENETFOLYAM (BESZELGETES_ID,KULDO_FELHASZNALO_ID,CIMZETT_FELHASZNALO_ID,LETREHOZVA,SZOVEG,K,C) values ('3','3','5',to_timestamp('17-MÁJ.  -14 14.36.33,000000000','RR-MON-DD HH24.MI.SSXFF'),'El kell mondjak valami fontosat...','Huszár Péter','Németh Júlia Boróka');
Insert into SOCIAL.VUZENETFOLYAM (BESZELGETES_ID,KULDO_FELHASZNALO_ID,CIMZETT_FELHASZNALO_ID,LETREHOZVA,SZOVEG,K,C) values ('3','5','3',to_timestamp('17-MÁJ.  -14 14.36.33,000000000','RR-MON-DD HH24.MI.SSXFF'),'Most?','Németh Júlia Boróka','Huszár Péter');
Insert into SOCIAL.VUZENETFOLYAM (BESZELGETES_ID,KULDO_FELHASZNALO_ID,CIMZETT_FELHASZNALO_ID,LETREHOZVA,SZOVEG,K,C) values ('3','3','5',to_timestamp('17-MÁJ.  -14 14.36.33,000000000','RR-MON-DD HH24.MI.SSXFF'),'Igen, ez nem várhat!','Huszár Péter','Németh Júlia Boróka');
Insert into SOCIAL.VUZENETFOLYAM (BESZELGETES_ID,KULDO_FELHASZNALO_ID,CIMZETT_FELHASZNALO_ID,LETREHOZVA,SZOVEG,K,C) values ('3','5','3',to_timestamp('17-MÁJ.  -14 14.36.33,000000000','RR-MON-DD HH24.MI.SSXFF'),'NNa mondjad...','Németh Júlia Boróka','Huszár Péter');
Insert into SOCIAL.VUZENETFOLYAM (BESZELGETES_ID,KULDO_FELHASZNALO_ID,CIMZETT_FELHASZNALO_ID,LETREHOZVA,SZOVEG,K,C) values ('3','3','5',to_timestamp('17-MÁJ.  -14 14.36.33,000000000','RR-MON-DD HH24.MI.SSXFF'),'Én vagyok Batman!!!','Huszár Péter','Németh Júlia Boróka');
Insert into SOCIAL.VUZENETFOLYAM (BESZELGETES_ID,KULDO_FELHASZNALO_ID,CIMZETT_FELHASZNALO_ID,LETREHOZVA,SZOVEG,K,C) values ('3','5','3',to_timestamp('17-MÁJ.  -14 14.36.33,000000000','RR-MON-DD HH24.MI.SSXFF'),'Részeg vagy mi?','Németh Júlia Boróka','Huszár Péter');
Insert into SOCIAL.VUZENETFOLYAM (BESZELGETES_ID,KULDO_FELHASZNALO_ID,CIMZETT_FELHASZNALO_ID,LETREHOZVA,SZOVEG,K,C) values ('3','3','5',to_timestamp('17-MÁJ.  -14 14.36.34,000000000','RR-MON-DD HH24.MI.SSXFF'),'Lehet...','Huszár Péter','Németh Júlia Boróka');
Insert into SOCIAL.VUZENETFOLYAM (BESZELGETES_ID,KULDO_FELHASZNALO_ID,CIMZETT_FELHASZNALO_ID,LETREHOZVA,SZOVEG,K,C) values ('9','10','9',to_timestamp('17-MÁJ.  -14 14.38.24,000000000','RR-MON-DD HH24.MI.SSXFF'),'Gyere át!','Horváth Rabán','Gaál László');
Insert into SOCIAL.VUZENETFOLYAM (BESZELGETES_ID,KULDO_FELHASZNALO_ID,CIMZETT_FELHASZNALO_ID,LETREHOZVA,SZOVEG,K,C) values ('9','9','10',to_timestamp('17-MÁJ.  -14 14.38.24,000000000','RR-MON-DD HH24.MI.SSXFF'),'Nincs az az isten...','Gaál László','Horváth Rabán');
Insert into SOCIAL.VUZENETFOLYAM (BESZELGETES_ID,KULDO_FELHASZNALO_ID,CIMZETT_FELHASZNALO_ID,LETREHOZVA,SZOVEG,K,C) values ('9','10','9',to_timestamp('17-MÁJ.  -14 14.38.24,000000000','RR-MON-DD HH24.MI.SSXFF'),'Veszünk sört!','Horváth Rabán','Gaál László');
Insert into SOCIAL.VUZENETFOLYAM (BESZELGETES_ID,KULDO_FELHASZNALO_ID,CIMZETT_FELHASZNALO_ID,LETREHOZVA,SZOVEG,K,C) values ('9','9','10',to_timestamp('17-MÁJ.  -14 14.38.24,000000000','RR-MON-DD HH24.MI.SSXFF'),'Úton vagyok!','Gaál László','Horváth Rabán');
Insert into SOCIAL.VUZENETFOLYAM (BESZELGETES_ID,KULDO_FELHASZNALO_ID,CIMZETT_FELHASZNALO_ID,LETREHOZVA,SZOVEG,K,C) values ('7','7','12',to_timestamp('17-MÁJ.  -14 14.39.50,000000000','RR-MON-DD HH24.MI.SSXFF'),'Szia! Van Barátod?','Báer Lóránt','fodor.ibolya@gmail.com');
Insert into SOCIAL.VUZENETFOLYAM (BESZELGETES_ID,KULDO_FELHASZNALO_ID,CIMZETT_FELHASZNALO_ID,LETREHOZVA,SZOVEG,K,C) values ('7','12','7',to_timestamp('17-MÁJ.  -14 14.39.50,000000000','RR-MON-DD HH24.MI.SSXFF'),'Igen! Okos, erõs, házias...','fodor.ibolya@gmail.com','Báer Lóránt');
Insert into SOCIAL.VUZENETFOLYAM (BESZELGETES_ID,KULDO_FELHASZNALO_ID,CIMZETT_FELHASZNALO_ID,LETREHOZVA,SZOVEG,K,C) values ('7','7','12',to_timestamp('17-MÁJ.  -14 14.39.50,000000000','RR-MON-DD HH24.MI.SSXFF'),'Hûha... és hogy hívják?','Báer Lóránt','fodor.ibolya@gmail.com');
Insert into SOCIAL.VUZENETFOLYAM (BESZELGETES_ID,KULDO_FELHASZNALO_ID,CIMZETT_FELHASZNALO_ID,LETREHOZVA,SZOVEG,K,C) values ('7','12','7',to_timestamp('17-MÁJ.  -14 14.39.50,000000000','RR-MON-DD HH24.MI.SSXFF'),'Gábor, Zoli és Feri...','fodor.ibolya@gmail.com','Báer Lóránt');
Insert into SOCIAL.VUZENETFOLYAM (BESZELGETES_ID,KULDO_FELHASZNALO_ID,CIMZETT_FELHASZNALO_ID,LETREHOZVA,SZOVEG,K,C) values ('4','11','4',to_timestamp('17-MÁJ.  -14 14.42.26,000000000','RR-MON-DD HH24.MI.SSXFF'),'Szia, videóból mp3-at csinálni lehet valami egyszerû módon?','bozso.ildiko@gmail.com','Kovács István');
Insert into SOCIAL.VUZENETFOLYAM (BESZELGETES_ID,KULDO_FELHASZNALO_ID,CIMZETT_FELHASZNALO_ID,LETREHOZVA,SZOVEG,K,C) values ('4','4','11',to_timestamp('17-MÁJ.  -14 14.42.26,000000000','RR-MON-DD HH24.MI.SSXFF'),'Kikapcsolod a monitort....','Kovács István','bozso.ildiko@gmail.com');
Insert into SOCIAL.VUZENETFOLYAM (BESZELGETES_ID,KULDO_FELHASZNALO_ID,CIMZETT_FELHASZNALO_ID,LETREHOZVA,SZOVEG,K,C) values ('4','9','4',to_timestamp('17-MÁJ.  -14 14.47.36,000000000','RR-MON-DD HH24.MI.SSXFF'),'A nõ olyan min a hurrikán!!!','Gaál László','Kovács István');
Insert into SOCIAL.VUZENETFOLYAM (BESZELGETES_ID,KULDO_FELHASZNALO_ID,CIMZETT_FELHASZNALO_ID,LETREHOZVA,SZOVEG,K,C) values ('4','4','9',to_timestamp('17-MÁJ.  -14 14.47.36,000000000','RR-MON-DD HH24.MI.SSXFF'),'Ezt hogy érted???','Kovács István','Gaál László');
Insert into SOCIAL.VUZENETFOLYAM (BESZELGETES_ID,KULDO_FELHASZNALO_ID,CIMZETT_FELHASZNALO_ID,LETREHOZVA,SZOVEG,K,C) values ('4','9','4',to_timestamp('17-MÁJ.  -14 14.47.36,000000000','RR-MON-DD HH24.MI.SSXFF'),'Amikör jön, vad és nedves... amikor meg elmegy, viszi a házadat és a kocsidat..','Gaál László','Kovács István');
Insert into SOCIAL.VUZENETFOLYAM (BESZELGETES_ID,KULDO_FELHASZNALO_ID,CIMZETT_FELHASZNALO_ID,LETREHOZVA,SZOVEG,K,C) values ('4','4','6',to_timestamp('17-MÁJ.  -14 14.50.34,000000000','RR-MON-DD HH24.MI.SSXFF'),'Mit akarsz enni vacsorára?','Kovács István','Pados Zsófia');
Insert into SOCIAL.VUZENETFOLYAM (BESZELGETES_ID,KULDO_FELHASZNALO_ID,CIMZETT_FELHASZNALO_ID,LETREHOZVA,SZOVEG,K,C) values ('4','6','4',to_timestamp('17-MÁJ.  -14 14.50.34,000000000','RR-MON-DD HH24.MI.SSXFF'),'Nekem mindegy, bármit.. Dönts Te...','Pados Zsófia','Kovács István');
Insert into SOCIAL.VUZENETFOLYAM (BESZELGETES_ID,KULDO_FELHASZNALO_ID,CIMZETT_FELHASZNALO_ID,LETREHOZVA,SZOVEG,K,C) values ('4','4','6',to_timestamp('17-MÁJ.  -14 14.50.34,000000000','RR-MON-DD HH24.MI.SSXFF'),'Tejszínes csirkemell?','Kovács István','Pados Zsófia');
Insert into SOCIAL.VUZENETFOLYAM (BESZELGETES_ID,KULDO_FELHASZNALO_ID,CIMZETT_FELHASZNALO_ID,LETREHOZVA,SZOVEG,K,C) values ('4','6','4',to_timestamp('17-MÁJ.  -14 14.50.34,000000000','RR-MON-DD HH24.MI.SSXFF'),'Na azt biztos nem.','Pados Zsófia','Kovács István');
Insert into SOCIAL.VUZENETFOLYAM (BESZELGETES_ID,KULDO_FELHASZNALO_ID,CIMZETT_FELHASZNALO_ID,LETREHOZVA,SZOVEG,K,C) values ('4','4','6',to_timestamp('17-MÁJ.  -14 14.50.34,000000000','RR-MON-DD HH24.MI.SSXFF'),':)','Kovács István','Pados Zsófia');
Insert into SOCIAL.VUZENETFOLYAM (BESZELGETES_ID,KULDO_FELHASZNALO_ID,CIMZETT_FELHASZNALO_ID,LETREHOZVA,SZOVEG,K,C) values ('3','3','5',to_timestamp('17-MÁJ.  -14 14.54.51,000000000','RR-MON-DD HH24.MI.SSXFF'),'Boldog Születésnapot!!!!','Huszár Péter','Németh Júlia Boróka');
Insert into SOCIAL.VUZENETFOLYAM (BESZELGETES_ID,KULDO_FELHASZNALO_ID,CIMZETT_FELHASZNALO_ID,LETREHOZVA,SZOVEG,K,C) values ('3','5','3',to_timestamp('17-MÁJ.  -14 14.54.51,000000000','RR-MON-DD HH24.MI.SSXFF'),'Jajj köszönöm szépen!!, annyira izgulok, hogy mit kapok, áruld már el kérlek!','Németh Júlia Boróka','Huszár Péter');
Insert into SOCIAL.VUZENETFOLYAM (BESZELGETES_ID,KULDO_FELHASZNALO_ID,CIMZETT_FELHASZNALO_ID,LETREHOZVA,SZOVEG,K,C) values ('3','3','5',to_timestamp('17-MÁJ.  -14 14.54.51,000000000','RR-MON-DD HH24.MI.SSXFF'),'EEmlékszel arra a cuki rózsaszín BMW-re, amiért odavoltál?','Huszár Péter','Németh Júlia Boróka');
Insert into SOCIAL.VUZENETFOLYAM (BESZELGETES_ID,KULDO_FELHASZNALO_ID,CIMZETT_FELHASZNALO_ID,LETREHOZVA,SZOVEG,K,C) values ('3','5','3',to_timestamp('17-MÁJ.  -14 14.54.51,000000000','RR-MON-DD HH24.MI.SSXFF'),'ÚRISTEN ÚRISTEN, ÚRISTEN.. IGEEEN! IMÁDLAK!!','Németh Júlia Boróka','Huszár Péter');
Insert into SOCIAL.VUZENETFOLYAM (BESZELGETES_ID,KULDO_FELHASZNALO_ID,CIMZETT_FELHASZNALO_ID,LETREHOZVA,SZOVEG,K,C) values ('3','3','5',to_timestamp('17-MÁJ.  -14 14.54.51,000000000','RR-MON-DD HH24.MI.SSXFF'),'Na, ugyanolyan színû szájfényt...','Huszár Péter','Németh Júlia Boróka');
--------------------------------------------------------
--  DDL for Index ALBUM_CIMKE_PK
--------------------------------------------------------

  CREATE UNIQUE INDEX "SOCIAL"."ALBUM_CIMKE_PK" ON "SOCIAL"."ALBUM_CIMKE" ("ALBUM_CIMKE_ID") 
  PCTFREE 10 INITRANS 2 MAXTRANS 255 COMPUTE STATISTICS 
  STORAGE(INITIAL 65536 NEXT 1048576 MINEXTENTS 1 MAXEXTENTS 2147483645
  PCTINCREASE 0 FREELISTS 1 FREELIST GROUPS 1 BUFFER_POOL DEFAULT FLASH_CACHE DEFAULT CELL_FLASH_CACHE DEFAULT)
  TABLESPACE "SYSTEM" ;
--------------------------------------------------------
--  DDL for Index ALBUM_PK
--------------------------------------------------------

  CREATE UNIQUE INDEX "SOCIAL"."ALBUM_PK" ON "SOCIAL"."ALBUM" ("ALBUM_ID") 
  PCTFREE 10 INITRANS 2 MAXTRANS 255 COMPUTE STATISTICS 
  STORAGE(INITIAL 65536 NEXT 1048576 MINEXTENTS 1 MAXEXTENTS 2147483645
  PCTINCREASE 0 FREELISTS 1 FREELIST GROUPS 1 BUFFER_POOL DEFAULT FLASH_CACHE DEFAULT CELL_FLASH_CACHE DEFAULT)
  TABLESPACE "SYSTEM" ;
--------------------------------------------------------
--  DDL for Index BEJEGYZES_CIMKE_PK
--------------------------------------------------------

  CREATE UNIQUE INDEX "SOCIAL"."BEJEGYZES_CIMKE_PK" ON "SOCIAL"."BEJEGYZES_CIMKE" ("BEJEGYZES_CIMKE_ID") 
  PCTFREE 10 INITRANS 2 MAXTRANS 255 COMPUTE STATISTICS 
  STORAGE(INITIAL 65536 NEXT 1048576 MINEXTENTS 1 MAXEXTENTS 2147483645
  PCTINCREASE 0 FREELISTS 1 FREELIST GROUPS 1 BUFFER_POOL DEFAULT FLASH_CACHE DEFAULT CELL_FLASH_CACHE DEFAULT)
  TABLESPACE "SYSTEM" ;
--------------------------------------------------------
--  DDL for Index BEJEGYZES_KEP_PK
--------------------------------------------------------

  CREATE UNIQUE INDEX "SOCIAL"."BEJEGYZES_KEP_PK" ON "SOCIAL"."BEJEGYZES_KEP" ("BEJEGYZES_KEP_ID") 
  PCTFREE 10 INITRANS 2 MAXTRANS 255 COMPUTE STATISTICS 
  STORAGE(INITIAL 65536 NEXT 1048576 MINEXTENTS 1 MAXEXTENTS 2147483645
  PCTINCREASE 0 FREELISTS 1 FREELIST GROUPS 1 BUFFER_POOL DEFAULT FLASH_CACHE DEFAULT CELL_FLASH_CACHE DEFAULT)
  TABLESPACE "SYSTEM" ;
--------------------------------------------------------
--  DDL for Index BEJEGYZES_PK
--------------------------------------------------------

  CREATE UNIQUE INDEX "SOCIAL"."BEJEGYZES_PK" ON "SOCIAL"."BEJEGYZES" ("BEJEGYZES_ID") 
  PCTFREE 10 INITRANS 2 MAXTRANS 255 COMPUTE STATISTICS 
  STORAGE(INITIAL 65536 NEXT 1048576 MINEXTENTS 1 MAXEXTENTS 2147483645
  PCTINCREASE 0 FREELISTS 1 FREELIST GROUPS 1 BUFFER_POOL DEFAULT FLASH_CACHE DEFAULT CELL_FLASH_CACHE DEFAULT)
  TABLESPACE "SYSTEM" ;
--------------------------------------------------------
--  DDL for Index CIMKE_PK
--------------------------------------------------------

  CREATE UNIQUE INDEX "SOCIAL"."CIMKE_PK" ON "SOCIAL"."CIMKE" ("CIMKE_ID") 
  PCTFREE 10 INITRANS 2 MAXTRANS 255 COMPUTE STATISTICS 
  STORAGE(INITIAL 65536 NEXT 1048576 MINEXTENTS 1 MAXEXTENTS 2147483645
  PCTINCREASE 0 FREELISTS 1 FREELIST GROUPS 1 BUFFER_POOL DEFAULT FLASH_CACHE DEFAULT CELL_FLASH_CACHE DEFAULT)
  TABLESPACE "SYSTEM" ;
--------------------------------------------------------
--  DDL for Index CSOPORT_PK
--------------------------------------------------------

  CREATE UNIQUE INDEX "SOCIAL"."CSOPORT_PK" ON "SOCIAL"."CSOPORT" ("CSOPORT_ID") 
  PCTFREE 10 INITRANS 2 MAXTRANS 255 COMPUTE STATISTICS 
  STORAGE(INITIAL 65536 NEXT 1048576 MINEXTENTS 1 MAXEXTENTS 2147483645
  PCTINCREASE 0 FREELISTS 1 FREELIST GROUPS 1 BUFFER_POOL DEFAULT FLASH_CACHE DEFAULT CELL_FLASH_CACHE DEFAULT)
  TABLESPACE "SYSTEM" ;
--------------------------------------------------------
--  DDL for Index CSOPORT_TAG_PK
--------------------------------------------------------

  CREATE UNIQUE INDEX "SOCIAL"."CSOPORT_TAG_PK" ON "SOCIAL"."CSOPORT_TAG" ("CSOPORT_TAG_ID") 
  PCTFREE 10 INITRANS 2 MAXTRANS 255 COMPUTE STATISTICS 
  STORAGE(INITIAL 65536 NEXT 1048576 MINEXTENTS 1 MAXEXTENTS 2147483645
  PCTINCREASE 0 FREELISTS 1 FREELIST GROUPS 1 BUFFER_POOL DEFAULT FLASH_CACHE DEFAULT CELL_FLASH_CACHE DEFAULT)
  TABLESPACE "SYSTEM" ;
--------------------------------------------------------
--  DDL for Index FELHASZNALO_ISKOLA_PK
--------------------------------------------------------

  CREATE UNIQUE INDEX "SOCIAL"."FELHASZNALO_ISKOLA_PK" ON "SOCIAL"."FELHASZNALO_ISKOLA" ("FELHASZNALO_ISKOLA_ID") 
  PCTFREE 10 INITRANS 2 MAXTRANS 255 COMPUTE STATISTICS 
  STORAGE(INITIAL 65536 NEXT 1048576 MINEXTENTS 1 MAXEXTENTS 2147483645
  PCTINCREASE 0 FREELISTS 1 FREELIST GROUPS 1 BUFFER_POOL DEFAULT FLASH_CACHE DEFAULT CELL_FLASH_CACHE DEFAULT)
  TABLESPACE "SYSTEM" ;
--------------------------------------------------------
--  DDL for Index FELHASZNALO_KAPCSOLAT_PK
--------------------------------------------------------

  CREATE UNIQUE INDEX "SOCIAL"."FELHASZNALO_KAPCSOLAT_PK" ON "SOCIAL"."FELHASZNALO_KAPCSOLAT" ("FELHASZNALO_LAPCSOLAT_ID") 
  PCTFREE 10 INITRANS 2 MAXTRANS 255 COMPUTE STATISTICS 
  STORAGE(INITIAL 65536 NEXT 1048576 MINEXTENTS 1 MAXEXTENTS 2147483645
  PCTINCREASE 0 FREELISTS 1 FREELIST GROUPS 1 BUFFER_POOL DEFAULT FLASH_CACHE DEFAULT CELL_FLASH_CACHE DEFAULT)
  TABLESPACE "SYSTEM" ;
--------------------------------------------------------
--  DDL for Index FELHASZNALO_MUNKAHELY_PK
--------------------------------------------------------

  CREATE UNIQUE INDEX "SOCIAL"."FELHASZNALO_MUNKAHELY_PK" ON "SOCIAL"."FELHASZNALO_MUNKAHELY" ("FELHASZNALO_MUNKAHELY_ID") 
  PCTFREE 10 INITRANS 2 MAXTRANS 255 COMPUTE STATISTICS 
  STORAGE(INITIAL 65536 NEXT 1048576 MINEXTENTS 1 MAXEXTENTS 2147483645
  PCTINCREASE 0 FREELISTS 1 FREELIST GROUPS 1 BUFFER_POOL DEFAULT FLASH_CACHE DEFAULT CELL_FLASH_CACHE DEFAULT)
  TABLESPACE "SYSTEM" ;
--------------------------------------------------------
--  DDL for Index FELHASZNALO_PK
--------------------------------------------------------

  CREATE UNIQUE INDEX "SOCIAL"."FELHASZNALO_PK" ON "SOCIAL"."FELHASZNALO" ("FELHASZNALO_ID") 
  PCTFREE 10 INITRANS 2 MAXTRANS 255 COMPUTE STATISTICS 
  STORAGE(INITIAL 65536 NEXT 1048576 MINEXTENTS 1 MAXEXTENTS 2147483645
  PCTINCREASE 0 FREELISTS 1 FREELIST GROUPS 1 BUFFER_POOL DEFAULT FLASH_CACHE DEFAULT CELL_FLASH_CACHE DEFAULT)
  TABLESPACE "SYSTEM" ;
--------------------------------------------------------
--  DDL for Index FELHASZNALO_UK1
--------------------------------------------------------

  CREATE UNIQUE INDEX "SOCIAL"."FELHASZNALO_UK1" ON "SOCIAL"."FELHASZNALO" ("EMAIL") 
  PCTFREE 10 INITRANS 2 MAXTRANS 255 COMPUTE STATISTICS 
  STORAGE(INITIAL 65536 NEXT 1048576 MINEXTENTS 1 MAXEXTENTS 2147483645
  PCTINCREASE 0 FREELISTS 1 FREELIST GROUPS 1 BUFFER_POOL DEFAULT FLASH_CACHE DEFAULT CELL_FLASH_CACHE DEFAULT)
  TABLESPACE "SYSTEM" ;
--------------------------------------------------------
--  DDL for Index FELHASZNALO_UK2
--------------------------------------------------------

  CREATE UNIQUE INDEX "SOCIAL"."FELHASZNALO_UK2" ON "SOCIAL"."FELHASZNALO" ("FELHASZNALO_NEV") 
  PCTFREE 10 INITRANS 2 MAXTRANS 255 COMPUTE STATISTICS 
  STORAGE(INITIAL 65536 NEXT 1048576 MINEXTENTS 1 MAXEXTENTS 2147483645
  PCTINCREASE 0 FREELISTS 1 FREELIST GROUPS 1 BUFFER_POOL DEFAULT FLASH_CACHE DEFAULT CELL_FLASH_CACHE DEFAULT)
  TABLESPACE "SYSTEM" ;
--------------------------------------------------------
--  DDL for Index ISKOLA_PK
--------------------------------------------------------

  CREATE UNIQUE INDEX "SOCIAL"."ISKOLA_PK" ON "SOCIAL"."ISKOLA" ("ISKOLA_ID") 
  PCTFREE 10 INITRANS 2 MAXTRANS 255 COMPUTE STATISTICS 
  STORAGE(INITIAL 65536 NEXT 1048576 MINEXTENTS 1 MAXEXTENTS 2147483645
  PCTINCREASE 0 FREELISTS 1 FREELIST GROUPS 1 BUFFER_POOL DEFAULT FLASH_CACHE DEFAULT CELL_FLASH_CACHE DEFAULT)
  TABLESPACE "SYSTEM" ;
--------------------------------------------------------
--  DDL for Index KEP_CIMKE_PK
--------------------------------------------------------

  CREATE UNIQUE INDEX "SOCIAL"."KEP_CIMKE_PK" ON "SOCIAL"."KEP_CIMKE" ("KEP_CIMKE_ID") 
  PCTFREE 10 INITRANS 2 MAXTRANS 255 COMPUTE STATISTICS 
  STORAGE(INITIAL 65536 NEXT 1048576 MINEXTENTS 1 MAXEXTENTS 2147483645
  PCTINCREASE 0 FREELISTS 1 FREELIST GROUPS 1 BUFFER_POOL DEFAULT FLASH_CACHE DEFAULT CELL_FLASH_CACHE DEFAULT)
  TABLESPACE "SYSTEM" ;
--------------------------------------------------------
--  DDL for Index KEP_PK
--------------------------------------------------------

  CREATE UNIQUE INDEX "SOCIAL"."KEP_PK" ON "SOCIAL"."KEP" ("KEP_ID") 
  PCTFREE 10 INITRANS 2 MAXTRANS 255 COMPUTE STATISTICS 
  STORAGE(INITIAL 65536 NEXT 1048576 MINEXTENTS 1 MAXEXTENTS 2147483645
  PCTINCREASE 0 FREELISTS 1 FREELIST GROUPS 1 BUFFER_POOL DEFAULT FLASH_CACHE DEFAULT CELL_FLASH_CACHE DEFAULT)
  TABLESPACE "SYSTEM" ;
--------------------------------------------------------
--  DDL for Index MEGJEGYZES_PK
--------------------------------------------------------

  CREATE UNIQUE INDEX "SOCIAL"."MEGJEGYZES_PK" ON "SOCIAL"."MEGJEGYZES" ("MEGJEGYZES_ID") 
  PCTFREE 10 INITRANS 2 MAXTRANS 255 COMPUTE STATISTICS 
  STORAGE(INITIAL 65536 NEXT 1048576 MINEXTENTS 1 MAXEXTENTS 2147483645
  PCTINCREASE 0 FREELISTS 1 FREELIST GROUPS 1 BUFFER_POOL DEFAULT FLASH_CACHE DEFAULT CELL_FLASH_CACHE DEFAULT)
  TABLESPACE "SYSTEM" ;
--------------------------------------------------------
--  DDL for Index MUNKAHELY_PK
--------------------------------------------------------

  CREATE UNIQUE INDEX "SOCIAL"."MUNKAHELY_PK" ON "SOCIAL"."MUNKAHELY" ("MUNKAHELY_ID") 
  PCTFREE 10 INITRANS 2 MAXTRANS 255 COMPUTE STATISTICS 
  STORAGE(INITIAL 65536 NEXT 1048576 MINEXTENTS 1 MAXEXTENTS 2147483645
  PCTINCREASE 0 FREELISTS 1 FREELIST GROUPS 1 BUFFER_POOL DEFAULT FLASH_CACHE DEFAULT CELL_FLASH_CACHE DEFAULT)
  TABLESPACE "SYSTEM" ;
--------------------------------------------------------
--  DDL for Index UZENET_PK
--------------------------------------------------------

  CREATE UNIQUE INDEX "SOCIAL"."UZENET_PK" ON "SOCIAL"."UZENET" ("UZENET_ID") 
  PCTFREE 10 INITRANS 2 MAXTRANS 255 COMPUTE STATISTICS 
  STORAGE(INITIAL 65536 NEXT 1048576 MINEXTENTS 1 MAXEXTENTS 2147483645
  PCTINCREASE 0 FREELISTS 1 FREELIST GROUPS 1 BUFFER_POOL DEFAULT FLASH_CACHE DEFAULT CELL_FLASH_CACHE DEFAULT)
  TABLESPACE "SYSTEM" ;
--------------------------------------------------------
--  Constraints for Table ALBUM
--------------------------------------------------------

  ALTER TABLE "SOCIAL"."ALBUM" MODIFY ("LATHATOSAG" NOT NULL ENABLE);
  ALTER TABLE "SOCIAL"."ALBUM" MODIFY ("TUALJDONOS_ID" NOT NULL ENABLE);
  ALTER TABLE "SOCIAL"."ALBUM" ADD CONSTRAINT "ALBUM_CHK1" CHECK (lathatosag >= 0 and lathatosag <= 2) ENABLE;
  ALTER TABLE "SOCIAL"."ALBUM" ADD CONSTRAINT "ALBUM_PK" PRIMARY KEY ("ALBUM_ID")
  USING INDEX PCTFREE 10 INITRANS 2 MAXTRANS 255 COMPUTE STATISTICS 
  STORAGE(INITIAL 65536 NEXT 1048576 MINEXTENTS 1 MAXEXTENTS 2147483645
  PCTINCREASE 0 FREELISTS 1 FREELIST GROUPS 1 BUFFER_POOL DEFAULT FLASH_CACHE DEFAULT CELL_FLASH_CACHE DEFAULT)
  TABLESPACE "SYSTEM"  ENABLE;
  ALTER TABLE "SOCIAL"."ALBUM" MODIFY ("ALBUM_ID" NOT NULL ENABLE);
--------------------------------------------------------
--  Constraints for Table ALBUM_CIMKE
--------------------------------------------------------

  ALTER TABLE "SOCIAL"."ALBUM_CIMKE" MODIFY ("CIMKE_ID" NOT NULL ENABLE);
  ALTER TABLE "SOCIAL"."ALBUM_CIMKE" MODIFY ("ALBUM_ID" NOT NULL ENABLE);
  ALTER TABLE "SOCIAL"."ALBUM_CIMKE" ADD CONSTRAINT "ALBUM_CIMKE_PK" PRIMARY KEY ("ALBUM_CIMKE_ID")
  USING INDEX PCTFREE 10 INITRANS 2 MAXTRANS 255 COMPUTE STATISTICS 
  STORAGE(INITIAL 65536 NEXT 1048576 MINEXTENTS 1 MAXEXTENTS 2147483645
  PCTINCREASE 0 FREELISTS 1 FREELIST GROUPS 1 BUFFER_POOL DEFAULT FLASH_CACHE DEFAULT CELL_FLASH_CACHE DEFAULT)
  TABLESPACE "SYSTEM"  ENABLE;
  ALTER TABLE "SOCIAL"."ALBUM_CIMKE" MODIFY ("ALBUM_CIMKE_ID" NOT NULL ENABLE);
--------------------------------------------------------
--  Constraints for Table BEJEGYZES
--------------------------------------------------------

  ALTER TABLE "SOCIAL"."BEJEGYZES" ADD CONSTRAINT "BEJEGYZES_CHK1" CHECK (LATHATOSAG >= 0 and LATHATOSAG <= 2) ENABLE;
  ALTER TABLE "SOCIAL"."BEJEGYZES" ADD CONSTRAINT "BEJEGYZES_PK" PRIMARY KEY ("BEJEGYZES_ID")
  USING INDEX PCTFREE 10 INITRANS 2 MAXTRANS 255 COMPUTE STATISTICS 
  STORAGE(INITIAL 65536 NEXT 1048576 MINEXTENTS 1 MAXEXTENTS 2147483645
  PCTINCREASE 0 FREELISTS 1 FREELIST GROUPS 1 BUFFER_POOL DEFAULT FLASH_CACHE DEFAULT CELL_FLASH_CACHE DEFAULT)
  TABLESPACE "SYSTEM"  ENABLE;
  ALTER TABLE "SOCIAL"."BEJEGYZES" MODIFY ("SZERZO_FELHASZNALO_ID" NOT NULL ENABLE);
  ALTER TABLE "SOCIAL"."BEJEGYZES" MODIFY ("SZOVEG" NOT NULL ENABLE);
  ALTER TABLE "SOCIAL"."BEJEGYZES" MODIFY ("BEJEGYZES_ID" NOT NULL ENABLE);
--------------------------------------------------------
--  Constraints for Table BEJEGYZES_CIMKE
--------------------------------------------------------

  ALTER TABLE "SOCIAL"."BEJEGYZES_CIMKE" ADD CONSTRAINT "BEJEGYZES_CIMKE_PK" PRIMARY KEY ("BEJEGYZES_CIMKE_ID")
  USING INDEX PCTFREE 10 INITRANS 2 MAXTRANS 255 COMPUTE STATISTICS 
  STORAGE(INITIAL 65536 NEXT 1048576 MINEXTENTS 1 MAXEXTENTS 2147483645
  PCTINCREASE 0 FREELISTS 1 FREELIST GROUPS 1 BUFFER_POOL DEFAULT FLASH_CACHE DEFAULT CELL_FLASH_CACHE DEFAULT)
  TABLESPACE "SYSTEM"  ENABLE;
  ALTER TABLE "SOCIAL"."BEJEGYZES_CIMKE" MODIFY ("CIMKE_ID" NOT NULL ENABLE);
  ALTER TABLE "SOCIAL"."BEJEGYZES_CIMKE" MODIFY ("BEJEGYZES_ID" NOT NULL ENABLE);
  ALTER TABLE "SOCIAL"."BEJEGYZES_CIMKE" MODIFY ("BEJEGYZES_CIMKE_ID" NOT NULL ENABLE);
--------------------------------------------------------
--  Constraints for Table BEJEGYZES_KEP
--------------------------------------------------------

  ALTER TABLE "SOCIAL"."BEJEGYZES_KEP" ADD CONSTRAINT "BEJEGYZES_KEP_PK" PRIMARY KEY ("BEJEGYZES_KEP_ID")
  USING INDEX PCTFREE 10 INITRANS 2 MAXTRANS 255 COMPUTE STATISTICS 
  STORAGE(INITIAL 65536 NEXT 1048576 MINEXTENTS 1 MAXEXTENTS 2147483645
  PCTINCREASE 0 FREELISTS 1 FREELIST GROUPS 1 BUFFER_POOL DEFAULT FLASH_CACHE DEFAULT CELL_FLASH_CACHE DEFAULT)
  TABLESPACE "SYSTEM"  ENABLE;
  ALTER TABLE "SOCIAL"."BEJEGYZES_KEP" MODIFY ("KEP_ID" NOT NULL ENABLE);
  ALTER TABLE "SOCIAL"."BEJEGYZES_KEP" MODIFY ("BEJEGYZES_ID" NOT NULL ENABLE);
  ALTER TABLE "SOCIAL"."BEJEGYZES_KEP" MODIFY ("BEJEGYZES_KEP_ID" NOT NULL ENABLE);
--------------------------------------------------------
--  Constraints for Table CIMKE
--------------------------------------------------------

  ALTER TABLE "SOCIAL"."CIMKE" ADD CONSTRAINT "CIMKE_PK" PRIMARY KEY ("CIMKE_ID")
  USING INDEX PCTFREE 10 INITRANS 2 MAXTRANS 255 COMPUTE STATISTICS 
  STORAGE(INITIAL 65536 NEXT 1048576 MINEXTENTS 1 MAXEXTENTS 2147483645
  PCTINCREASE 0 FREELISTS 1 FREELIST GROUPS 1 BUFFER_POOL DEFAULT FLASH_CACHE DEFAULT CELL_FLASH_CACHE DEFAULT)
  TABLESPACE "SYSTEM"  ENABLE;
  ALTER TABLE "SOCIAL"."CIMKE" MODIFY ("NEV" NOT NULL ENABLE);
  ALTER TABLE "SOCIAL"."CIMKE" MODIFY ("CIMKE_ID" NOT NULL ENABLE);
--------------------------------------------------------
--  Constraints for Table CSOPORT
--------------------------------------------------------

  ALTER TABLE "SOCIAL"."CSOPORT" ADD CONSTRAINT "CSOPORT_PK" PRIMARY KEY ("CSOPORT_ID")
  USING INDEX PCTFREE 10 INITRANS 2 MAXTRANS 255 COMPUTE STATISTICS 
  STORAGE(INITIAL 65536 NEXT 1048576 MINEXTENTS 1 MAXEXTENTS 2147483645
  PCTINCREASE 0 FREELISTS 1 FREELIST GROUPS 1 BUFFER_POOL DEFAULT FLASH_CACHE DEFAULT CELL_FLASH_CACHE DEFAULT)
  TABLESPACE "SYSTEM"  ENABLE;
  ALTER TABLE "SOCIAL"."CSOPORT" MODIFY ("LETREHOZO_FELHASZNALO_ID" NOT NULL ENABLE);
  ALTER TABLE "SOCIAL"."CSOPORT" MODIFY ("NEV" NOT NULL ENABLE);
  ALTER TABLE "SOCIAL"."CSOPORT" MODIFY ("CSOPORT_ID" NOT NULL ENABLE);
--------------------------------------------------------
--  Constraints for Table CSOPORT_TAG
--------------------------------------------------------

  ALTER TABLE "SOCIAL"."CSOPORT_TAG" ADD CONSTRAINT "CSOPORT_TAG_PK" PRIMARY KEY ("CSOPORT_TAG_ID")
  USING INDEX PCTFREE 10 INITRANS 2 MAXTRANS 255 COMPUTE STATISTICS 
  STORAGE(INITIAL 65536 NEXT 1048576 MINEXTENTS 1 MAXEXTENTS 2147483645
  PCTINCREASE 0 FREELISTS 1 FREELIST GROUPS 1 BUFFER_POOL DEFAULT FLASH_CACHE DEFAULT CELL_FLASH_CACHE DEFAULT)
  TABLESPACE "SYSTEM"  ENABLE;
  ALTER TABLE "SOCIAL"."CSOPORT_TAG" MODIFY ("TAG_FELHASZNALO_ID" NOT NULL ENABLE);
  ALTER TABLE "SOCIAL"."CSOPORT_TAG" MODIFY ("CSOPORT_ID" NOT NULL ENABLE);
  ALTER TABLE "SOCIAL"."CSOPORT_TAG" MODIFY ("CSOPORT_TAG_ID" NOT NULL ENABLE);
--------------------------------------------------------
--  Constraints for Table FELHASZNALO
--------------------------------------------------------

  ALTER TABLE "SOCIAL"."FELHASZNALO" ADD CONSTRAINT "FELHASZNALO_CHK1" CHECK (NEVNAPHONAP is NULL or (NEVNAPHONAP >= 1 AND NEVNAPHONAP <=12)) ENABLE;
  ALTER TABLE "SOCIAL"."FELHASZNALO" ADD CONSTRAINT "FELHASZNALO_UK2" UNIQUE ("FELHASZNALO_NEV")
  USING INDEX PCTFREE 10 INITRANS 2 MAXTRANS 255 COMPUTE STATISTICS 
  STORAGE(INITIAL 65536 NEXT 1048576 MINEXTENTS 1 MAXEXTENTS 2147483645
  PCTINCREASE 0 FREELISTS 1 FREELIST GROUPS 1 BUFFER_POOL DEFAULT FLASH_CACHE DEFAULT CELL_FLASH_CACHE DEFAULT)
  TABLESPACE "SYSTEM"  ENABLE;
  ALTER TABLE "SOCIAL"."FELHASZNALO" ADD CONSTRAINT "FELHASZNALO_UK1" UNIQUE ("EMAIL")
  USING INDEX PCTFREE 10 INITRANS 2 MAXTRANS 255 COMPUTE STATISTICS 
  STORAGE(INITIAL 65536 NEXT 1048576 MINEXTENTS 1 MAXEXTENTS 2147483645
  PCTINCREASE 0 FREELISTS 1 FREELIST GROUPS 1 BUFFER_POOL DEFAULT FLASH_CACHE DEFAULT CELL_FLASH_CACHE DEFAULT)
  TABLESPACE "SYSTEM"  ENABLE;
  ALTER TABLE "SOCIAL"."FELHASZNALO" ADD CONSTRAINT "FELHASZNALO_PK" PRIMARY KEY ("FELHASZNALO_ID")
  USING INDEX PCTFREE 10 INITRANS 2 MAXTRANS 255 COMPUTE STATISTICS 
  STORAGE(INITIAL 65536 NEXT 1048576 MINEXTENTS 1 MAXEXTENTS 2147483645
  PCTINCREASE 0 FREELISTS 1 FREELIST GROUPS 1 BUFFER_POOL DEFAULT FLASH_CACHE DEFAULT CELL_FLASH_CACHE DEFAULT)
  TABLESPACE "SYSTEM"  ENABLE;
  ALTER TABLE "SOCIAL"."FELHASZNALO" MODIFY ("EMAIL" NOT NULL ENABLE);
  ALTER TABLE "SOCIAL"."FELHASZNALO" MODIFY ("JELSZO_HASH" NOT NULL ENABLE);
  ALTER TABLE "SOCIAL"."FELHASZNALO" MODIFY ("FELHASZNALO_NEV" NOT NULL ENABLE);
  ALTER TABLE "SOCIAL"."FELHASZNALO" MODIFY ("FELHASZNALO_ID" NOT NULL ENABLE);
--------------------------------------------------------
--  Constraints for Table FELHASZNALO_ISKOLA
--------------------------------------------------------

  ALTER TABLE "SOCIAL"."FELHASZNALO_ISKOLA" MODIFY ("ISKOLA_ID" NOT NULL ENABLE);
  ALTER TABLE "SOCIAL"."FELHASZNALO_ISKOLA" MODIFY ("FELHASZNALO_ID" NOT NULL ENABLE);
  ALTER TABLE "SOCIAL"."FELHASZNALO_ISKOLA" ADD CONSTRAINT "FELHASZNALO_ISKOLA_PK" PRIMARY KEY ("FELHASZNALO_ISKOLA_ID")
  USING INDEX PCTFREE 10 INITRANS 2 MAXTRANS 255 COMPUTE STATISTICS 
  STORAGE(INITIAL 65536 NEXT 1048576 MINEXTENTS 1 MAXEXTENTS 2147483645
  PCTINCREASE 0 FREELISTS 1 FREELIST GROUPS 1 BUFFER_POOL DEFAULT FLASH_CACHE DEFAULT CELL_FLASH_CACHE DEFAULT)
  TABLESPACE "SYSTEM"  ENABLE;
  ALTER TABLE "SOCIAL"."FELHASZNALO_ISKOLA" MODIFY ("FELHASZNALO_ISKOLA_ID" NOT NULL ENABLE);
--------------------------------------------------------
--  Constraints for Table FELHASZNALO_KAPCSOLAT
--------------------------------------------------------

  ALTER TABLE "SOCIAL"."FELHASZNALO_KAPCSOLAT" ADD CONSTRAINT "FELHASZNALO_KAPCSOLAT_CHK1" CHECK (tipus >= 0 and tipus <= 2) ENABLE;
  ALTER TABLE "SOCIAL"."FELHASZNALO_KAPCSOLAT" ADD CONSTRAINT "FELHASZNALO_KAPCSOLAT_PK" PRIMARY KEY ("FELHASZNALO_LAPCSOLAT_ID")
  USING INDEX PCTFREE 10 INITRANS 2 MAXTRANS 255 COMPUTE STATISTICS 
  STORAGE(INITIAL 65536 NEXT 1048576 MINEXTENTS 1 MAXEXTENTS 2147483645
  PCTINCREASE 0 FREELISTS 1 FREELIST GROUPS 1 BUFFER_POOL DEFAULT FLASH_CACHE DEFAULT CELL_FLASH_CACHE DEFAULT)
  TABLESPACE "SYSTEM"  ENABLE;
  ALTER TABLE "SOCIAL"."FELHASZNALO_KAPCSOLAT" MODIFY ("CEL_FELHASZNALO_ID" NOT NULL ENABLE);
  ALTER TABLE "SOCIAL"."FELHASZNALO_KAPCSOLAT" MODIFY ("KEZDEMENYEZO_FELHASZNALO_ID" NOT NULL ENABLE);
  ALTER TABLE "SOCIAL"."FELHASZNALO_KAPCSOLAT" MODIFY ("FELHASZNALO_LAPCSOLAT_ID" NOT NULL ENABLE);
--------------------------------------------------------
--  Constraints for Table FELHASZNALO_MUNKAHELY
--------------------------------------------------------

  ALTER TABLE "SOCIAL"."FELHASZNALO_MUNKAHELY" ADD CONSTRAINT "FELHASZNALOMUNKAHELY_PK" PRIMARY KEY ("FELHASZNALO_MUNKAHELY_ID")
  USING INDEX PCTFREE 10 INITRANS 2 MAXTRANS 255 COMPUTE STATISTICS 
  STORAGE(INITIAL 65536 NEXT 1048576 MINEXTENTS 1 MAXEXTENTS 2147483645
  PCTINCREASE 0 FREELISTS 1 FREELIST GROUPS 1 BUFFER_POOL DEFAULT FLASH_CACHE DEFAULT CELL_FLASH_CACHE DEFAULT)
  TABLESPACE "SYSTEM"  ENABLE;
  ALTER TABLE "SOCIAL"."FELHASZNALO_MUNKAHELY" MODIFY ("FELHASZNALO_MUNKAHELY_ID" NOT NULL ENABLE);
--------------------------------------------------------
--  Constraints for Table ISKOLA
--------------------------------------------------------

  ALTER TABLE "SOCIAL"."ISKOLA" ADD CONSTRAINT "ISKOLA_PK" PRIMARY KEY ("ISKOLA_ID")
  USING INDEX PCTFREE 10 INITRANS 2 MAXTRANS 255 COMPUTE STATISTICS 
  STORAGE(INITIAL 65536 NEXT 1048576 MINEXTENTS 1 MAXEXTENTS 2147483645
  PCTINCREASE 0 FREELISTS 1 FREELIST GROUPS 1 BUFFER_POOL DEFAULT FLASH_CACHE DEFAULT CELL_FLASH_CACHE DEFAULT)
  TABLESPACE "SYSTEM"  ENABLE;
  ALTER TABLE "SOCIAL"."ISKOLA" MODIFY ("NEV" NOT NULL ENABLE);
  ALTER TABLE "SOCIAL"."ISKOLA" MODIFY ("ISKOLA_ID" NOT NULL ENABLE);
--------------------------------------------------------
--  Constraints for Table KEP
--------------------------------------------------------

  ALTER TABLE "SOCIAL"."KEP" MODIFY ("TULAJDONOS_ID" NOT NULL ENABLE);
  ALTER TABLE "SOCIAL"."KEP" ADD CONSTRAINT "KEP_PK" PRIMARY KEY ("KEP_ID")
  USING INDEX PCTFREE 10 INITRANS 2 MAXTRANS 255 COMPUTE STATISTICS 
  STORAGE(INITIAL 65536 NEXT 1048576 MINEXTENTS 1 MAXEXTENTS 2147483645
  PCTINCREASE 0 FREELISTS 1 FREELIST GROUPS 1 BUFFER_POOL DEFAULT FLASH_CACHE DEFAULT CELL_FLASH_CACHE DEFAULT)
  TABLESPACE "SYSTEM"  ENABLE;
  ALTER TABLE "SOCIAL"."KEP" MODIFY ("KEP_ID" NOT NULL ENABLE);
--------------------------------------------------------
--  Constraints for Table KEP_CIMKE
--------------------------------------------------------

  ALTER TABLE "SOCIAL"."KEP_CIMKE" ADD CONSTRAINT "KEP_CIMKE_PK" PRIMARY KEY ("KEP_CIMKE_ID")
  USING INDEX PCTFREE 10 INITRANS 2 MAXTRANS 255 COMPUTE STATISTICS 
  STORAGE(INITIAL 65536 NEXT 1048576 MINEXTENTS 1 MAXEXTENTS 2147483645
  PCTINCREASE 0 FREELISTS 1 FREELIST GROUPS 1 BUFFER_POOL DEFAULT FLASH_CACHE DEFAULT CELL_FLASH_CACHE DEFAULT)
  TABLESPACE "SYSTEM"  ENABLE;
  ALTER TABLE "SOCIAL"."KEP_CIMKE" MODIFY ("CIMKE_ID" NOT NULL ENABLE);
  ALTER TABLE "SOCIAL"."KEP_CIMKE" MODIFY ("KEP_ID" NOT NULL ENABLE);
  ALTER TABLE "SOCIAL"."KEP_CIMKE" MODIFY ("KEP_CIMKE_ID" NOT NULL ENABLE);
--------------------------------------------------------
--  Constraints for Table MEGJEGYZES
--------------------------------------------------------

  ALTER TABLE "SOCIAL"."MEGJEGYZES" ADD CONSTRAINT "MEGJEGYZES_PK" PRIMARY KEY ("MEGJEGYZES_ID")
  USING INDEX PCTFREE 10 INITRANS 2 MAXTRANS 255 COMPUTE STATISTICS 
  STORAGE(INITIAL 65536 NEXT 1048576 MINEXTENTS 1 MAXEXTENTS 2147483645
  PCTINCREASE 0 FREELISTS 1 FREELIST GROUPS 1 BUFFER_POOL DEFAULT FLASH_CACHE DEFAULT CELL_FLASH_CACHE DEFAULT)
  TABLESPACE "SYSTEM"  ENABLE;
  ALTER TABLE "SOCIAL"."MEGJEGYZES" MODIFY ("SZOVEG" NOT NULL ENABLE);
  ALTER TABLE "SOCIAL"."MEGJEGYZES" MODIFY ("SZERZO_FELHASZNALO_ID" NOT NULL ENABLE);
  ALTER TABLE "SOCIAL"."MEGJEGYZES" MODIFY ("MEGJEGYZES_ID" NOT NULL ENABLE);
--------------------------------------------------------
--  Constraints for Table MUNKAHELY
--------------------------------------------------------

  ALTER TABLE "SOCIAL"."MUNKAHELY" ADD CONSTRAINT "MUNKAHELY_PK" PRIMARY KEY ("MUNKAHELY_ID")
  USING INDEX PCTFREE 10 INITRANS 2 MAXTRANS 255 COMPUTE STATISTICS 
  STORAGE(INITIAL 65536 NEXT 1048576 MINEXTENTS 1 MAXEXTENTS 2147483645
  PCTINCREASE 0 FREELISTS 1 FREELIST GROUPS 1 BUFFER_POOL DEFAULT FLASH_CACHE DEFAULT CELL_FLASH_CACHE DEFAULT)
  TABLESPACE "SYSTEM"  ENABLE;
  ALTER TABLE "SOCIAL"."MUNKAHELY" MODIFY ("CEGNEV" NOT NULL ENABLE);
  ALTER TABLE "SOCIAL"."MUNKAHELY" MODIFY ("MUNKAHELY_ID" NOT NULL ENABLE);
--------------------------------------------------------
--  Constraints for Table UZENET
--------------------------------------------------------

  ALTER TABLE "SOCIAL"."UZENET" ADD CONSTRAINT "UZENET_PK" PRIMARY KEY ("UZENET_ID")
  USING INDEX PCTFREE 10 INITRANS 2 MAXTRANS 255 COMPUTE STATISTICS 
  STORAGE(INITIAL 65536 NEXT 1048576 MINEXTENTS 1 MAXEXTENTS 2147483645
  PCTINCREASE 0 FREELISTS 1 FREELIST GROUPS 1 BUFFER_POOL DEFAULT FLASH_CACHE DEFAULT CELL_FLASH_CACHE DEFAULT)
  TABLESPACE "SYSTEM"  ENABLE;
  ALTER TABLE "SOCIAL"."UZENET" MODIFY ("SZOVEG" NOT NULL ENABLE);
  ALTER TABLE "SOCIAL"."UZENET" MODIFY ("UZENET_ID" NOT NULL ENABLE);
--------------------------------------------------------
--  Ref Constraints for Table ALBUM
--------------------------------------------------------

  ALTER TABLE "SOCIAL"."ALBUM" ADD CONSTRAINT "ALBUM_FK1" FOREIGN KEY ("TUALJDONOS_ID")
	  REFERENCES "SOCIAL"."FELHASZNALO" ("FELHASZNALO_ID") ENABLE;
--------------------------------------------------------
--  Ref Constraints for Table ALBUM_CIMKE
--------------------------------------------------------

  ALTER TABLE "SOCIAL"."ALBUM_CIMKE" ADD CONSTRAINT "ALBUM_CIMKE_FK1" FOREIGN KEY ("ALBUM_ID")
	  REFERENCES "SOCIAL"."ALBUM" ("ALBUM_ID") ENABLE;
  ALTER TABLE "SOCIAL"."ALBUM_CIMKE" ADD CONSTRAINT "ALBUM_CIMKE_FK2" FOREIGN KEY ("CIMKE_ID")
	  REFERENCES "SOCIAL"."CIMKE" ("CIMKE_ID") ENABLE;
--------------------------------------------------------
--  Ref Constraints for Table BEJEGYZES
--------------------------------------------------------

  ALTER TABLE "SOCIAL"."BEJEGYZES" ADD CONSTRAINT "BEJEGYZES_FK1" FOREIGN KEY ("SZERZO_FELHASZNALO_ID")
	  REFERENCES "SOCIAL"."FELHASZNALO" ("FELHASZNALO_ID") ON DELETE CASCADE ENABLE;
--------------------------------------------------------
--  Ref Constraints for Table BEJEGYZES_CIMKE
--------------------------------------------------------

  ALTER TABLE "SOCIAL"."BEJEGYZES_CIMKE" ADD CONSTRAINT "BEJEGYZES_CIMKE_FK1" FOREIGN KEY ("BEJEGYZES_ID")
	  REFERENCES "SOCIAL"."BEJEGYZES" ("BEJEGYZES_ID") ON DELETE CASCADE ENABLE;
  ALTER TABLE "SOCIAL"."BEJEGYZES_CIMKE" ADD CONSTRAINT "BEJEGYZES_CIMKE_FK2" FOREIGN KEY ("CIMKE_ID")
	  REFERENCES "SOCIAL"."CIMKE" ("CIMKE_ID") ON DELETE CASCADE ENABLE;
--------------------------------------------------------
--  Ref Constraints for Table BEJEGYZES_KEP
--------------------------------------------------------

  ALTER TABLE "SOCIAL"."BEJEGYZES_KEP" ADD CONSTRAINT "BEJEGYZES_KEP_FK1" FOREIGN KEY ("BEJEGYZES_ID")
	  REFERENCES "SOCIAL"."BEJEGYZES" ("BEJEGYZES_ID") ON DELETE CASCADE ENABLE;
  ALTER TABLE "SOCIAL"."BEJEGYZES_KEP" ADD CONSTRAINT "BEJEGYZES_KEP_FK2" FOREIGN KEY ("KEP_ID")
	  REFERENCES "SOCIAL"."KEP" ("KEP_ID") ENABLE;
--------------------------------------------------------
--  Ref Constraints for Table CSOPORT
--------------------------------------------------------

  ALTER TABLE "SOCIAL"."CSOPORT" ADD CONSTRAINT "CSOPORT_FK1" FOREIGN KEY ("LETREHOZO_FELHASZNALO_ID")
	  REFERENCES "SOCIAL"."FELHASZNALO" ("FELHASZNALO_ID") ENABLE;
--------------------------------------------------------
--  Ref Constraints for Table CSOPORT_TAG
--------------------------------------------------------

  ALTER TABLE "SOCIAL"."CSOPORT_TAG" ADD CONSTRAINT "CSOPORT_TAG_FK1" FOREIGN KEY ("CSOPORT_ID")
	  REFERENCES "SOCIAL"."CSOPORT" ("CSOPORT_ID") ON DELETE CASCADE ENABLE;
  ALTER TABLE "SOCIAL"."CSOPORT_TAG" ADD CONSTRAINT "CSOPORT_TAG_FK2" FOREIGN KEY ("TAG_FELHASZNALO_ID")
	  REFERENCES "SOCIAL"."FELHASZNALO" ("FELHASZNALO_ID") ENABLE;
--------------------------------------------------------
--  Ref Constraints for Table FELHASZNALO_ISKOLA
--------------------------------------------------------

  ALTER TABLE "SOCIAL"."FELHASZNALO_ISKOLA" ADD CONSTRAINT "FELHASZNALO_ISKOLA_FK1" FOREIGN KEY ("FELHASZNALO_ID")
	  REFERENCES "SOCIAL"."FELHASZNALO" ("FELHASZNALO_ID") ON DELETE CASCADE ENABLE;
  ALTER TABLE "SOCIAL"."FELHASZNALO_ISKOLA" ADD CONSTRAINT "FELHASZNALO_ISKOLA_FK2" FOREIGN KEY ("ISKOLA_ID")
	  REFERENCES "SOCIAL"."ISKOLA" ("ISKOLA_ID") ENABLE;
--------------------------------------------------------
--  Ref Constraints for Table FELHASZNALO_KAPCSOLAT
--------------------------------------------------------

  ALTER TABLE "SOCIAL"."FELHASZNALO_KAPCSOLAT" ADD CONSTRAINT "FELHASZNALO_KAPCSOLAT_FK1" FOREIGN KEY ("KEZDEMENYEZO_FELHASZNALO_ID")
	  REFERENCES "SOCIAL"."FELHASZNALO" ("FELHASZNALO_ID") ON DELETE CASCADE ENABLE;
  ALTER TABLE "SOCIAL"."FELHASZNALO_KAPCSOLAT" ADD CONSTRAINT "FELHASZNALO_KAPCSOLAT_FK2" FOREIGN KEY ("CEL_FELHASZNALO_ID")
	  REFERENCES "SOCIAL"."FELHASZNALO" ("FELHASZNALO_ID") ON DELETE CASCADE ENABLE;
--------------------------------------------------------
--  Ref Constraints for Table FELHASZNALO_MUNKAHELY
--------------------------------------------------------

  ALTER TABLE "SOCIAL"."FELHASZNALO_MUNKAHELY" ADD CONSTRAINT "FELHASZNALOMUNKAHELY_FK1" FOREIGN KEY ("FELHASZNALO_ID")
	  REFERENCES "SOCIAL"."FELHASZNALO" ("FELHASZNALO_ID") ON DELETE CASCADE ENABLE;
  ALTER TABLE "SOCIAL"."FELHASZNALO_MUNKAHELY" ADD CONSTRAINT "FELHASZNALOMUNKAHELY_FK2" FOREIGN KEY ("MUNKAHELY_ID")
	  REFERENCES "SOCIAL"."MUNKAHELY" ("MUNKAHELY_ID") ON DELETE CASCADE ENABLE;
--------------------------------------------------------
--  Ref Constraints for Table KEP
--------------------------------------------------------

  ALTER TABLE "SOCIAL"."KEP" ADD CONSTRAINT "KEP_FK1" FOREIGN KEY ("TULAJDONOS_ID")
	  REFERENCES "SOCIAL"."FELHASZNALO" ("FELHASZNALO_ID") ENABLE;
  ALTER TABLE "SOCIAL"."KEP" ADD CONSTRAINT "KEP_FK2" FOREIGN KEY ("ALBUM_ID")
	  REFERENCES "SOCIAL"."ALBUM" ("ALBUM_ID") ON DELETE CASCADE ENABLE;
--------------------------------------------------------
--  Ref Constraints for Table KEP_CIMKE
--------------------------------------------------------

  ALTER TABLE "SOCIAL"."KEP_CIMKE" ADD CONSTRAINT "KEP_CIMKE_FK1" FOREIGN KEY ("KEP_ID")
	  REFERENCES "SOCIAL"."KEP" ("KEP_ID") ON DELETE CASCADE ENABLE;
  ALTER TABLE "SOCIAL"."KEP_CIMKE" ADD CONSTRAINT "KEP_CIMKE_FK2" FOREIGN KEY ("CIMKE_ID")
	  REFERENCES "SOCIAL"."CIMKE" ("CIMKE_ID") ON DELETE CASCADE ENABLE;
--------------------------------------------------------
--  Ref Constraints for Table MEGJEGYZES
--------------------------------------------------------

  ALTER TABLE "SOCIAL"."MEGJEGYZES" ADD CONSTRAINT "MEGJEGYZES_FK1" FOREIGN KEY ("SZERZO_FELHASZNALO_ID")
	  REFERENCES "SOCIAL"."FELHASZNALO" ("FELHASZNALO_ID") ENABLE;
  ALTER TABLE "SOCIAL"."MEGJEGYZES" ADD CONSTRAINT "MEGJEGYZES_FK2" FOREIGN KEY ("KEP_ID")
	  REFERENCES "SOCIAL"."KEP" ("KEP_ID") ENABLE;
  ALTER TABLE "SOCIAL"."MEGJEGYZES" ADD CONSTRAINT "MEGJEGYZES_FK3" FOREIGN KEY ("BEJEGYZES_ID")
	  REFERENCES "SOCIAL"."BEJEGYZES" ("BEJEGYZES_ID") ON DELETE CASCADE ENABLE;
--------------------------------------------------------
--  Ref Constraints for Table UZENET
--------------------------------------------------------

  ALTER TABLE "SOCIAL"."UZENET" ADD CONSTRAINT "UZENET_FK1" FOREIGN KEY ("KULDO_FELHASZNALO_ID")
	  REFERENCES "SOCIAL"."FELHASZNALO" ("FELHASZNALO_ID") ENABLE;
  ALTER TABLE "SOCIAL"."UZENET" ADD CONSTRAINT "UZENET_FK2" FOREIGN KEY ("CIMZETT_FELHASZNALO_ID")
	  REFERENCES "SOCIAL"."FELHASZNALO" ("FELHASZNALO_ID") ENABLE;
--------------------------------------------------------
--  DDL for Trigger ALBUM_CIMKE_TRG
--------------------------------------------------------

  CREATE OR REPLACE TRIGGER "SOCIAL"."ALBUM_CIMKE_TRG" 
BEFORE INSERT ON ALBUM_CIMKE 
FOR EACH ROW 
BEGIN
  <<COLUMN_SEQUENCES>>
  BEGIN
    IF INSERTING AND :NEW.ALBUM_CIMKE_ID IS NULL THEN
      SELECT ALBUM_CIMKE_SEQ.NEXTVAL INTO :NEW.ALBUM_CIMKE_ID FROM SYS.DUAL;
    END IF;
  END COLUMN_SEQUENCES;
END;
/
ALTER TRIGGER "SOCIAL"."ALBUM_CIMKE_TRG" ENABLE;
--------------------------------------------------------
--  DDL for Trigger ALBUM_TRG
--------------------------------------------------------

  CREATE OR REPLACE TRIGGER "SOCIAL"."ALBUM_TRG" 
BEFORE INSERT ON ALBUM 
FOR EACH ROW 
BEGIN
  <<COLUMN_SEQUENCES>>
  BEGIN
    IF INSERTING AND :NEW.ALBUM_ID IS NULL THEN
      SELECT ALBUM_SEQ.NEXTVAL INTO :NEW.ALBUM_ID FROM SYS.DUAL;
    END IF;
  END COLUMN_SEQUENCES;
END;
/
ALTER TRIGGER "SOCIAL"."ALBUM_TRG" ENABLE;
--------------------------------------------------------
--  DDL for Trigger BEJEGYZES_CHECK_KEP_TULAJ
--------------------------------------------------------

  CREATE OR REPLACE TRIGGER "SOCIAL"."BEJEGYZES_CHECK_KEP_TULAJ" 
BEFORE INSERT OR UPDATE ON BEJEGYZES_KEP
FOR EACH ROW
BEGIN
  DECLARE 
    bejegyzes_tulaj INTEGER;
    kep_tulaj INTEGER;
    
  BEGIN
    SELECT szerzo_felhasznalo_id INTO bejegyzes_tulaj FROM BEJEGYZES WHERE BEJEGYZES.BEJEGYZES_ID = :new.BEJEGYZES_ID;
    SELECT tulajdonos_id INTO kep_tulaj FROM kep WHERE KEP.KEP_ID = :new.KEP_ID;
    
    IF bejegyzes_tulaj <> kep_tulaj THEN
      raise_application_error(-20003, 'A bejegyzés tulajdonosa nem egyezik meg a kép tulajdonosával!');
    END IF;
  END;
END;
/
ALTER TRIGGER "SOCIAL"."BEJEGYZES_CHECK_KEP_TULAJ" ENABLE;
--------------------------------------------------------
--  DDL for Trigger BEJEGYZES_CIMKE_TRG
--------------------------------------------------------

  CREATE OR REPLACE TRIGGER "SOCIAL"."BEJEGYZES_CIMKE_TRG" 
BEFORE INSERT ON BEJEGYZES_CIMKE 
FOR EACH ROW 
BEGIN
  <<COLUMN_SEQUENCES>>
  BEGIN
    IF INSERTING AND :NEW.BEJEGYZES_CIMKE_ID IS NULL THEN
      SELECT BEJEGYZES_CIMKE_SEQ.NEXTVAL INTO :NEW.BEJEGYZES_CIMKE_ID FROM SYS.DUAL;
    END IF;
  END COLUMN_SEQUENCES;
END;
/
ALTER TRIGGER "SOCIAL"."BEJEGYZES_CIMKE_TRG" ENABLE;
--------------------------------------------------------
--  DDL for Trigger BEJEGYZES_KEP_TRG
--------------------------------------------------------

  CREATE OR REPLACE TRIGGER "SOCIAL"."BEJEGYZES_KEP_TRG" 
BEFORE INSERT ON BEJEGYZES_KEP 
FOR EACH ROW 
BEGIN
  <<COLUMN_SEQUENCES>>
  BEGIN
    IF INSERTING AND :NEW.BEJEGYZES_KEP_ID IS NULL THEN
      SELECT BEJEGYZES_KEP_SEQ.NEXTVAL INTO :NEW.BEJEGYZES_KEP_ID FROM SYS.DUAL;
    END IF;
  END COLUMN_SEQUENCES;
END;
/
ALTER TRIGGER "SOCIAL"."BEJEGYZES_KEP_TRG" ENABLE;
--------------------------------------------------------
--  DDL for Trigger BEJEGYZES_TRG
--------------------------------------------------------

  CREATE OR REPLACE TRIGGER "SOCIAL"."BEJEGYZES_TRG" 
BEFORE INSERT ON BEJEGYZES 
FOR EACH ROW 
BEGIN
  <<COLUMN_SEQUENCES>>
  BEGIN
    IF INSERTING AND :NEW.BEJEGYZES_ID IS NULL THEN
      SELECT BEJEGYZES_SEQ.NEXTVAL INTO :NEW.BEJEGYZES_ID FROM SYS.DUAL;
    END IF;
  END COLUMN_SEQUENCES;
END;
/
ALTER TRIGGER "SOCIAL"."BEJEGYZES_TRG" ENABLE;
--------------------------------------------------------
--  DDL for Trigger CIMKE_TRG
--------------------------------------------------------

  CREATE OR REPLACE TRIGGER "SOCIAL"."CIMKE_TRG" 
BEFORE INSERT ON CIMKE 
FOR EACH ROW 
BEGIN
  <<COLUMN_SEQUENCES>>
  BEGIN
    IF INSERTING AND :NEW.CIMKE_ID IS NULL THEN
      SELECT CIMKE_SEQ.NEXTVAL INTO :NEW.CIMKE_ID FROM SYS.DUAL;
    END IF;
  END COLUMN_SEQUENCES;
END;
/
ALTER TRIGGER "SOCIAL"."CIMKE_TRG" ENABLE;
--------------------------------------------------------
--  DDL for Trigger CSOPORT_TAG_TRG
--------------------------------------------------------

  CREATE OR REPLACE TRIGGER "SOCIAL"."CSOPORT_TAG_TRG" 
BEFORE INSERT ON CSOPORT_TAG 
FOR EACH ROW 
BEGIN
  <<COLUMN_SEQUENCES>>
  BEGIN
    IF INSERTING AND :NEW.CSOPORT_TAG_ID IS NULL THEN
      SELECT CSOPORT_TAG_SEQ.NEXTVAL INTO :NEW.CSOPORT_TAG_ID FROM SYS.DUAL;
    END IF;
  END COLUMN_SEQUENCES;
END;
/
ALTER TRIGGER "SOCIAL"."CSOPORT_TAG_TRG" ENABLE;
--------------------------------------------------------
--  DDL for Trigger CSOPORT_TRG
--------------------------------------------------------

  CREATE OR REPLACE TRIGGER "SOCIAL"."CSOPORT_TRG" 
BEFORE INSERT ON CSOPORT 
FOR EACH ROW 
BEGIN
  <<COLUMN_SEQUENCES>>
  BEGIN
    IF INSERTING AND :NEW.CSOPORT_ID IS NULL THEN
      SELECT CSOPORT_SEQ.NEXTVAL INTO :NEW.CSOPORT_ID FROM SYS.DUAL;
    END IF;
  END COLUMN_SEQUENCES;
END;
/
ALTER TRIGGER "SOCIAL"."CSOPORT_TRG" ENABLE;
--------------------------------------------------------
--  DDL for Trigger FELHASZNALO_ISKOL_TRG
--------------------------------------------------------

  CREATE OR REPLACE TRIGGER "SOCIAL"."FELHASZNALO_ISKOL_TRG" 
BEFORE INSERT ON FELHASZNALO_ISKOLA 
FOR EACH ROW 
BEGIN
  <<COLUMN_SEQUENCES>>
  BEGIN
    IF INSERTING AND :NEW.FELHASZNALO_ISKOLA_ID IS NULL THEN
      SELECT FELHASZNALO_ISKOL_SEQ.NEXTVAL INTO :NEW.FELHASZNALO_ISKOLA_ID FROM SYS.DUAL;
    END IF;
  END COLUMN_SEQUENCES;
END;
/
ALTER TRIGGER "SOCIAL"."FELHASZNALO_ISKOL_TRG" ENABLE;
--------------------------------------------------------
--  DDL for Trigger FELHASZNALO_KAPCSOLAT_TRG
--------------------------------------------------------

  CREATE OR REPLACE TRIGGER "SOCIAL"."FELHASZNALO_KAPCSOLAT_TRG" 
BEFORE INSERT ON FELHASZNALO_KAPCSOLAT 
FOR EACH ROW 
BEGIN
  <<COLUMN_SEQUENCES>>
  BEGIN
    IF INSERTING AND :NEW.FELHASZNALO_LAPCSOLAT_ID IS NULL THEN
      SELECT FELHASZNALO_KAPCSOLAT_SEQ.NEXTVAL INTO :NEW.FELHASZNALO_LAPCSOLAT_ID FROM SYS.DUAL;
    END IF;
  END COLUMN_SEQUENCES;
END;
/
ALTER TRIGGER "SOCIAL"."FELHASZNALO_KAPCSOLAT_TRG" ENABLE;
--------------------------------------------------------
--  DDL for Trigger FELHASZNALO_MUNKAHELY_TRG
--------------------------------------------------------

  CREATE OR REPLACE TRIGGER "SOCIAL"."FELHASZNALO_MUNKAHELY_TRG" 
BEFORE INSERT ON FELHASZNALO_MUNKAHELY 
FOR EACH ROW 
BEGIN
  <<COLUMN_SEQUENCES>>
  BEGIN
    IF INSERTING AND :NEW.FELHASZNALO_MUNKAHELY_ID IS NULL THEN
      SELECT FELHASZNALO_MUNKAHELY_SEQ.NEXTVAL INTO :NEW.FELHASZNALO_MUNKAHELY_ID FROM SYS.DUAL;
    END IF;
  END COLUMN_SEQUENCES;
END;
/
ALTER TRIGGER "SOCIAL"."FELHASZNALO_MUNKAHELY_TRG" ENABLE;
--------------------------------------------------------
--  DDL for Trigger FELHASZNALOMUNKAHELY_TRG
--------------------------------------------------------

  CREATE OR REPLACE TRIGGER "SOCIAL"."FELHASZNALOMUNKAHELY_TRG" 
BEFORE INSERT ON FELHASZNALO_MUNKAHELY 
FOR EACH ROW 
BEGIN
  <<COLUMN_SEQUENCES>>
  BEGIN
    IF INSERTING AND :NEW.FELHASZNALO_MUNKAHELY_ID IS NULL THEN
      SELECT FELHASZNALO_MUNKAHELY_SEQ.NEXTVAL INTO :NEW.FELHASZNALO_MUNKAHELY_ID FROM SYS.DUAL;
    END IF;
  END COLUMN_SEQUENCES;
END;
/
ALTER TRIGGER "SOCIAL"."FELHASZNALOMUNKAHELY_TRG" ENABLE;
--------------------------------------------------------
--  DDL for Trigger FELHASZNALO_TRG
--------------------------------------------------------

  CREATE OR REPLACE TRIGGER "SOCIAL"."FELHASZNALO_TRG" 
BEFORE INSERT ON FELHASZNALO 
FOR EACH ROW 
BEGIN
  <<COLUMN_SEQUENCES>>
  BEGIN
    IF INSERTING AND :NEW.FELHASZNALO_ID IS NULL THEN
      SELECT FELHASZNALO_SEQ.NEXTVAL INTO :NEW.FELHASZNALO_ID FROM SYS.DUAL;
    END IF;
  END COLUMN_SEQUENCES;
END;
/
ALTER TRIGGER "SOCIAL"."FELHASZNALO_TRG" ENABLE;
--------------------------------------------------------
--  DDL for Trigger ISKOLA_TRG
--------------------------------------------------------

  CREATE OR REPLACE TRIGGER "SOCIAL"."ISKOLA_TRG" 
BEFORE INSERT ON ISKOLA 
FOR EACH ROW 
BEGIN
  <<COLUMN_SEQUENCES>>
  BEGIN
    IF INSERTING AND :NEW.ISKOLA_ID IS NULL THEN
      SELECT ISKOLA_SEQ.NEXTVAL INTO :NEW.ISKOLA_ID FROM SYS.DUAL;
    END IF;
  END COLUMN_SEQUENCES;
END;
/
ALTER TRIGGER "SOCIAL"."ISKOLA_TRG" ENABLE;
--------------------------------------------------------
--  DDL for Trigger KEP_CHECK_TULAJDONOS
--------------------------------------------------------

  CREATE OR REPLACE TRIGGER "SOCIAL"."KEP_CHECK_TULAJDONOS" BEFORE
insert or update on KEP
for each row
 WHEN (new.album_id is not null) begin
  DECLARE album_tulaj integer;
  begin
    select TUALJDONOS_ID into album_tulaj from album where ALBUM_ID = :new.album_id;
    if album_tulaj <> :new.tulajdonos_id then raise_application_error(-20000, 'Album tulajdonosa nem egyezik meg a kép tulajdonosával');
    end if;
  end;
end;
/
ALTER TRIGGER "SOCIAL"."KEP_CHECK_TULAJDONOS" ENABLE;
--------------------------------------------------------
--  DDL for Trigger KEP_CIMKE_TRG
--------------------------------------------------------

  CREATE OR REPLACE TRIGGER "SOCIAL"."KEP_CIMKE_TRG" 
BEFORE INSERT ON KEP_CIMKE 
FOR EACH ROW 
BEGIN
  <<COLUMN_SEQUENCES>>
  BEGIN
    IF INSERTING AND :NEW.KEP_CIMKE_ID IS NULL THEN
      SELECT KEP_CIMKE_SEQ.NEXTVAL INTO :NEW.KEP_CIMKE_ID FROM SYS.DUAL;
    END IF;
  END COLUMN_SEQUENCES;
END;
/
ALTER TRIGGER "SOCIAL"."KEP_CIMKE_TRG" ENABLE;
--------------------------------------------------------
--  DDL for Trigger KEP_TRG
--------------------------------------------------------

  CREATE OR REPLACE TRIGGER "SOCIAL"."KEP_TRG" 
BEFORE INSERT ON KEP 
FOR EACH ROW 
BEGIN
  <<COLUMN_SEQUENCES>>
  BEGIN
    IF INSERTING AND :NEW.KEP_ID IS NULL THEN
      SELECT KEP_SEQ1.NEXTVAL INTO :NEW.KEP_ID FROM SYS.DUAL;
    END IF;
  END COLUMN_SEQUENCES;
END;
/
ALTER TRIGGER "SOCIAL"."KEP_TRG" ENABLE;
--------------------------------------------------------
--  DDL for Trigger MEGJEGYZES_CHECK_PARENT
--------------------------------------------------------

  CREATE OR REPLACE TRIGGER "SOCIAL"."MEGJEGYZES_CHECK_PARENT" 
BEFORE insert or UPDATE on MEGJEGYZES
FOR EACH ROW
BEGIN
  IF :new.KEP_ID IS NULL AND :new.BEJEGYZES_ID IS NULL AND :new.CSOPORT_ID IS NULL THEN
    raise_application_error(-20002, 'Megjegyzéshez szükség van vagy a kép, vagy a bejegyzés vagy pedig a csoport azonosítójára');
  END IF;
  
  IF :new.KEP_ID IS NOT NULL AND (:new.BEJEGYZES_ID IS NOT NULL OR :new.CSOPORT_ID IS NOT NULL) then 
    raise_application_error(-20002, 'Megjyezést vagy képhez, vagy bejegyzéshez vagy pedig csoporthoz lehet csak felvenni');
  end if;
  
  IF :new.BEJEGYZES_ID IS NOT NULL AND (:new.KEP_ID IS NOT NULL OR :new.CSOPORT_ID IS NOT NULL) then
    raise_application_error(-20002, 'Megjyezést vagy képhez, vagy bejegyzéshez vagy pedig csoporthoz lehet csak felvenni');
  end if;
  
  IF :new.CSOPORT_ID IS NOT NULL AND (:new.KEP_ID IS NOT NULL OR :new.BEJEGYZES_ID IS NOT NULL) then
    raise_application_error(-20002, 'Megjyezést vagy képhez, vagy bejegyzéshez vagy pedig csoporthoz lehet csak felvenni');
  end if;
END;
/
ALTER TRIGGER "SOCIAL"."MEGJEGYZES_CHECK_PARENT" ENABLE;
--------------------------------------------------------
--  DDL for Trigger MEGJEGYZES_TRG
--------------------------------------------------------

  CREATE OR REPLACE TRIGGER "SOCIAL"."MEGJEGYZES_TRG" 
BEFORE INSERT ON MEGJEGYZES 
FOR EACH ROW 
BEGIN
  <<COLUMN_SEQUENCES>>
  BEGIN
    IF INSERTING AND :NEW.MEGJEGYZES_ID IS NULL THEN
      SELECT MEGJEGYZES_SEQ.NEXTVAL INTO :NEW.MEGJEGYZES_ID FROM SYS.DUAL;
    END IF;
  END COLUMN_SEQUENCES;
END;
/
ALTER TRIGGER "SOCIAL"."MEGJEGYZES_TRG" ENABLE;
--------------------------------------------------------
--  DDL for Trigger MUNKAHELY_TRG
--------------------------------------------------------

  CREATE OR REPLACE TRIGGER "SOCIAL"."MUNKAHELY_TRG" 
BEFORE INSERT ON MUNKAHELY 
FOR EACH ROW 
BEGIN
  <<COLUMN_SEQUENCES>>
  BEGIN
    IF INSERTING AND :NEW.MUNKAHELY_ID IS NULL THEN
      SELECT MUNKAHELY_SEQ.NEXTVAL INTO :NEW.MUNKAHELY_ID FROM SYS.DUAL;
    END IF;
  END COLUMN_SEQUENCES;
END;
/
ALTER TRIGGER "SOCIAL"."MUNKAHELY_TRG" ENABLE;
--------------------------------------------------------
--  DDL for Trigger PROFILKEP_CHECK_TULAJDONOS
--------------------------------------------------------

  CREATE OR REPLACE TRIGGER "SOCIAL"."PROFILKEP_CHECK_TULAJDONOS" 
BEFORE UPDATE ON Felhasznalo
FOR EACH ROW
 WHEN (new.KEP_ID IS NOT NULL) BEGIN
  DECLARE kep_tulajdonos INTEGER;
  BEGIN
    SELECT tulajdonos_id into kep_tulajdonos FROM KEP WHERE KEP_ID = :new.KEP_ID;
    IF kep_tulajdonos <> :new.FELHASZNALO_ID THEN raise_application_error (-20001, 'A beállítandó profil kép tulajdonosa nem a felhasználó!');
    END IF;
  END;
END;
/
ALTER TRIGGER "SOCIAL"."PROFILKEP_CHECK_TULAJDONOS" ENABLE;
--------------------------------------------------------
--  DDL for Trigger UZENET_TRG
--------------------------------------------------------

  CREATE OR REPLACE TRIGGER "SOCIAL"."UZENET_TRG" 
BEFORE INSERT ON UZENET 
FOR EACH ROW 
BEGIN
  <<COLUMN_SEQUENCES>>
  BEGIN
    IF INSERTING AND :NEW.UZENET_ID IS NULL THEN
      SELECT UZENET_SEQ.NEXTVAL INTO :NEW.UZENET_ID FROM SYS.DUAL;
    END IF;
  END COLUMN_SEQUENCES;
END;
/
ALTER TRIGGER "SOCIAL"."UZENET_TRG" ENABLE;
--------------------------------------------------------
--  DDL for Procedure AJANLAS
--------------------------------------------------------
set define off;

  CREATE OR REPLACE PROCEDURE "SOCIAL"."AJANLAS" 
(
  P_FELH IN INTEGER,
  recordset OUT SYS_REFCURSOR
) AS 
BEGIN
  OPEN recordset FOR  
    select 
      sajat.felhasznalo_id en,
      sajat.ismeros_id kitismerek,
      sajat.tipus hogyismerem,
      ismer.ismeros_id kitismerhetek,
      ismer.tipus kitismerhetek_hogyan
    from 
      vismeros sajat
      inner join vismeros ismer on sajat.ismeros_id = ismer.felhasznalo_id
    where
      sajat.felhasznalo_id = P_FELH
      and 
      ismer.ismeros_id <> sajat.felhasznalo_id and ismer.ismeros_id NOT IN (select vismeros.ismeros_id from vismeros where vismeros.FELHASZNALO_ID = sajat.felhasznalo_id);

END AJANLAS;

/
--------------------------------------------------------
--  DDL for Procedure FAL
--------------------------------------------------------
set define off;

  CREATE OR REPLACE PROCEDURE "SOCIAL"."FAL" 
(
  P_FELH IN INT,
  recordset OUT SYS_REFCURSOR
) AS 
BEGIN
  OPEN recordset FOR
    SELECT BEJEGYZES.*, VFELHASZNALO.NEV, VBEJEGYZES_CIMKE.TAGEK FROM 
      BEJEGYZES
      INNER JOIN VFELHASZNALO ON VFELHASZNALO.FELHASZNALO_ID = BEJEGYZES.SZERZO_FELHASZNALO_ID
      LEFT JOIN VBEJEGYZES_CIMKE ON VBEJEGYZES_CIMKE.BEJEGYZES_ID = BEJEGYZES.BEJEGYZES_ID
    WHERE 
      BEJEGYZES.SZERZO_FELHASZNALO_ID = P_FELH
      OR BEJEGYZES.SZERZO_FELHASZNALO_ID IN (
        SELECT CASE WHEN (KEZDEMENYEZO_FELHASZNALO_ID = P_FELH) THEN CEL_FELHASZNALO_ID ELSE KEZDEMENYEZO_FELHASZNALO_ID END as masik
        FROM FELHASZNALO_KAPCSOLAT
        WHERE (KEZDEMENYEZO_FELHASZNALO_ID = P_FELH OR CEL_FELHASZNALO_ID = P_FELH) AND FELHASZNALO_KAPCSOLAT.TIPUS = 1
      )
      ORDER BY LETREHOZVA DESC;
END FAL;

/
--------------------------------------------------------
--  DDL for Procedure NEVNAP_SZULINAP
--------------------------------------------------------
set define off;

  CREATE OR REPLACE PROCEDURE "SOCIAL"."NEVNAP_SZULINAP" 
(
  P_FELH IN INTEGER,
  recordset OUT SYS_REFCURSOR 
) AS 
BEGIN
  OPEN recordset FOR
    SELECT DISTINCT
      felhasznalo.*
    FROM 
      vismeros 
      inner join felhasznalo on felhasznalo.felhasznalo_id = vismeros.ismeros_id
    WHERE 
      vismeros.felhasznalo_id = P_FELH and
      (felhasznalo.NEVNAPHONAP = extract(month FROM sysdate) or extract(month from felhasznalo.szuletett) = extract(month from sysdate));
      
END NEVNAP_SZULINAP;

/
